code,region,subregion,latitude,longitude,abs_latitude,population,area_km2,landlocked,independent,un_member,n_languages,n_borders,gini,continent,drive_side
af,Asia,Southern Asia,33.0,65.0,33.0,43844000,652230.0,True,True,True,3.0,6,,Asia,right
al,Europe,Southeast Europe,41.0,20.0,41.0,2363314,28748.0,False,True,True,1.0,4,33.2,Europe,right
dz,Africa,Northern Africa,28.0,3.0,28.0,47400000,2381741.0,False,True,True,1.0,7,27.6,Africa,right
as,Oceania,Polynesia,-14.33333333,-170.0,14.33333333,49710,199.0,False,False,False,2.0,0,,Oceania,right
ad,Europe,Southern Europe,42.5,1.5,42.5,88406,468.0,True,True,True,1.0,2,,Europe,right
ao,Africa,Middle Africa,-12.5,18.5,12.5,36170961,1246700.0,False,True,True,1.0,4,51.3,Africa,right
ai,Americas,Caribbean,18.25,-63.16666666,18.25,16010,91.0,False,False,False,1.0,0,,North America,left
aq,Antarctic,,-90.0,0.0,90.0,1300,14000000.0,False,False,False,,0,,Antarctica,right
ag,Americas,Caribbean,17.05,-61.8,17.05,103603,442.0,False,True,True,1.0,0,,North America,left
ar,Americas,South America,-34.0,-64.0,34.0,46735004,2780400.0,False,True,True,2.0,5,42.9,South America,right
am,Asia,Western Asia,40.0,45.0,40.0,3076200,29743.0,True,True,True,1.0,4,29.9,Asia,right
aw,Americas,Caribbean,12.5,-69.96666666,12.5,107566,180.0,False,False,False,2.0,0,,North America,right
au,Oceania,Australia and New Zealand,-27.0,133.0,27.0,27536874,7692024.0,False,True,True,1.0,0,34.4,Oceania,left
at,Europe,Central Europe,47.33333333,13.33333333,47.33333333,9200931,83871.0,True,True,True,1.0,8,30.8,Europe,right
az,Asia,Western Asia,40.5,47.5,40.5,10241722,86600.0,True,True,True,1.0,5,26.6,Europe,right
bs,Americas,Caribbean,25.0343,-77.3963,25.0343,398165,13943.0,False,True,True,1.0,0,,North America,left
bh,Asia,Western Asia,26.0,50.55,26.0,1594654,765.0,False,True,True,1.0,0,,Asia,right
bd,Asia,Southern Asia,24.0,90.0,24.0,169828911,147570.0,False,True,True,1.0,2,32.4,Asia,left
bb,Americas,Caribbean,13.16666666,-59.53333333,13.16666666,267800,430.0,False,True,True,1.0,0,,North America,left
by,Europe,Eastern Europe,53.0,28.0,53.0,9109280,207600.0,True,True,True,2.0,5,25.3,Europe,right
be,Europe,Western Europe,50.83333333,4.0,50.83333333,11825551,30528.0,False,True,True,3.0,4,27.2,Europe,right
bz,Americas,Central America,17.25,-88.75,17.25,417634,22966.0,False,True,True,3.0,2,53.3,North America,right
bj,Africa,Western Africa,9.5,2.25,9.5,13224860,112622.0,False,True,True,1.0,4,47.8,Africa,right
bm,Americas,North America,32.33333333,-64.75,32.33333333,64055,54.0,False,False,False,1.0,0,,North America,left
bt,Asia,Southern Asia,27.5,90.5,27.5,784043,38394.0,True,True,True,1.0,2,37.4,Asia,left
bo,Americas,South America,-17.0,-65.0,17.0,11365333,1098581.0,True,True,True,4.0,5,41.6,South America,right
ba,Europe,Southeast Europe,44.0,18.0,44.0,3422000,51209.0,False,True,True,3.0,3,33.0,Europe,right
bw,Africa,Southern Africa,-22.0,24.0,22.0,2359609,582000.0,True,True,True,2.0,4,53.3,Africa,left
bv,Antarctic,,-54.4208,3.3464,54.4208,0,49.0,False,False,False,1.0,0,,Antarctica,right
br,Americas,South America,-10.0,-55.0,10.0,213421037,8515767.0,False,True,True,1.0,10,53.4,South America,right
io,Africa,Eastern Africa,-6.0,71.5,6.0,0,60.0,False,False,False,1.0,0,,Asia,right
vg,Americas,Caribbean,18.431383,-64.62305,18.431383,39471,151.0,False,False,False,1.0,0,,North America,left
bn,Asia,South-Eastern Asia,4.5,114.66666666,4.5,455500,5765.0,False,True,True,1.0,1,,Asia,left
bg,Europe,Southeast Europe,43.0,25.0,43.0,6437360,110879.0,False,True,True,1.0,5,41.3,Europe,right
bf,Africa,Western Africa,13.0,-2.0,13.0,24070553,272967.0,True,True,True,1.0,6,35.3,Africa,right
bi,Africa,Eastern Africa,-3.5,30.0,3.5,12332788,27834.0,True,True,True,2.0,3,38.6,Africa,right
kh,Asia,South-Eastern Asia,13.0,105.0,13.0,17577760,181035.0,False,True,True,1.0,3,,Asia,right
cm,Africa,Middle Africa,6.0,12.0,6.0,29442327,475442.0,False,True,True,2.0,6,46.6,Africa,right
ca,Americas,North America,60.0,-95.0,60.0,41651653,9984670.0,False,True,True,2.0,1,33.3,North America,right
cv,Africa,Western Africa,16.5388,-23.0418,16.5388,491233,4033.0,False,True,True,1.0,0,42.4,Africa,right
bq,Americas,Caribbean,12.18,-68.25,12.18,31980,328.0,False,False,False,3.0,0,,North America,right
ky,Americas,Caribbean,19.3133,-81.2546,19.3133,84738,264.0,False,False,False,1.0,0,,North America,left
cf,Africa,Middle Africa,7.0,21.0,7.0,6470307,622984.0,True,True,True,2.0,6,56.2,Africa,right
td,Africa,Middle Africa,15.0,19.0,15.0,19340757,1284000.0,True,True,True,2.0,6,43.3,Africa,right
cl,Americas,South America,-30.0,-71.0,30.0,20206953,756102.0,False,True,True,1.0,3,44.4,South America,right
cn,Asia,Eastern Asia,35.0,105.0,35.0,1408280000,9706961.0,False,True,True,1.0,16,38.5,Asia,right
cx,Oceania,Australia and New Zealand,-10.5,105.66666666,10.5,1692,135.0,False,False,False,1.0,0,,Asia,left
cc,Oceania,Australia and New Zealand,-12.1642,96.871,12.1642,593,14.0,False,False,False,1.0,0,,Asia,left
co,Americas,South America,4.0,-72.0,4.0,53057212,1141748.0,False,True,True,1.0,5,51.3,South America,right
km,Africa,Eastern Africa,-12.16666666,44.25,12.16666666,919901,1862.0,False,True,True,3.0,0,45.3,Africa,right
ck,Oceania,Polynesia,-21.23333333,-159.76666666,21.23333333,15040,236.0,False,False,False,2.0,0,,Oceania,left
cr,Americas,Central America,10.0,-84.0,10.0,5309625,51100.0,False,True,True,1.0,2,48.2,North America,right
hr,Europe,Southeast Europe,45.16666666,15.5,45.16666666,3866233,56594.0,False,True,True,1.0,5,29.7,Europe,right
cu,Americas,Caribbean,21.5,-80.0,21.5,9748007,109884.0,False,True,True,1.0,0,,North America,right
cw,Americas,Caribbean,12.116667,-68.933333,12.116667,156115,444.0,False,False,False,3.0,0,,North America,right
cy,Europe,Southern Europe,35.0,33.0,35.0,1442614,9251.0,False,True,True,2.0,0,32.7,Europe,left
cz,Europe,Central Europe,49.75,15.5,49.75,10882341,78865.0,True,True,True,2.0,4,25.0,Europe,right
cd,Africa,Middle Africa,0.0,25.0,,112832000,2344858.0,False,True,True,5.0,9,42.1,Africa,right
dk,Europe,Northern Europe,56.0,10.0,56.0,6011488,43094.0,False,True,True,1.0,1,28.2,Europe,right
dj,Africa,Eastern Africa,11.5,43.0,11.5,1066809,23200.0,False,True,True,2.0,3,41.6,Africa,right
dm,Americas,Caribbean,15.41666666,-61.33333333,15.41666666,67408,751.0,False,True,True,1.0,0,,North America,left
do,Americas,Caribbean,19.0,-70.66666666,19.0,10771504,48671.0,False,True,True,1.0,1,41.9,North America,right
ec,Americas,South America,-2.0,-77.5,2.0,18103660,276841.0,False,True,True,1.0,2,45.7,South America,right
eg,Africa,Northern Africa,27.0,30.0,27.0,107271260,1002450.0,False,True,True,1.0,4,31.5,Africa,right
sv,Americas,Central America,13.83333333,-88.91666666,13.83333333,6029976,21041.0,False,True,True,1.0,2,38.8,North America,right
gq,Africa,Middle Africa,2.0,10.0,2.0,1668768,28051.0,False,True,True,3.0,2,,Africa,right
er,Africa,Eastern Africa,15.0,39.0,15.0,3607000,117600.0,False,True,True,3.0,3,,Africa,right
ee,Europe,Northern Europe,59.0,26.0,59.0,1369995,45227.0,False,True,True,1.0,2,30.3,Europe,right
sz,Africa,Southern Africa,-26.5,31.5,26.5,1235549,17364.0,True,True,True,2.0,2,54.6,Africa,left
et,Africa,Eastern Africa,8.0,38.0,8.0,111652998,1104300.0,True,True,True,1.0,6,35.0,Africa,right
fk,Americas,South America,-51.75,-59.0,51.75,3662,12173.0,False,False,False,1.0,0,,South America,left
fo,Europe,Northern Europe,62.0,-7.0,62.0,54885,1393.0,False,False,False,2.0,0,,Europe,right
fj,Oceania,Melanesia,-17.7134,178.065,17.7134,900869,18272.0,False,True,True,3.0,0,36.7,Oceania,left
fi,Europe,Northern Europe,64.0,26.0,64.0,5650325,338455.0,False,True,True,2.0,3,27.3,Europe,right
fr,Europe,Western Europe,46.0,2.0,46.0,66351959,543908.0,False,True,True,1.0,8,32.4,Europe,right
gf,Americas,South America,4.0,-53.0,4.0,292354,83534.0,False,False,False,1.0,2,,South America,right
pf,Oceania,Polynesia,-17.6797,-149.4068,17.6797,279500,4167.0,False,False,False,1.0,0,,Oceania,right
tf,Antarctic,,-49.25,69.167,49.25,400,7747.0,False,False,False,1.0,0,,Antarctica,right
ga,Africa,Middle Africa,-1.0,11.75,1.0,2469296,267668.0,False,True,True,1.0,3,38.0,Africa,right
gm,Africa,Western Africa,13.46666666,-16.56666666,13.46666666,2422712,10689.0,False,True,True,1.0,1,35.9,Africa,right
ge,Asia,Western Asia,42.0,43.5,42.0,4000921,69700.0,False,True,True,1.0,4,35.9,Asia,right
de,Europe,Western Europe,51.0,9.0,51.0,83491249,357114.0,False,True,True,1.0,9,31.9,Europe,right
gh,Africa,Western Africa,8.0,-2.0,8.0,33742380,238533.0,False,True,True,1.0,3,43.5,Africa,right
gi,Europe,Southern Europe,36.13333333,-5.35,36.13333333,38000,6.0,False,False,False,1.0,1,,Europe,right
gr,Europe,Southern Europe,39.0,22.0,39.0,10400720,131990.0,False,True,True,1.0,4,32.9,Europe,right
gl,Americas,North America,72.0,-40.0,72.0,56542,2166086.0,False,False,False,1.0,0,,North America,right
gd,Americas,Caribbean,12.11666666,-61.66666666,12.11666666,109021,344.0,False,True,True,1.0,0,,North America,left
gp,Americas,Caribbean,16.25,-61.583333,16.25,378561,1628.0,False,False,False,1.0,0,,North America,right
gu,Oceania,Micronesia,13.46666666,144.78333333,13.46666666,153836,549.0,False,False,False,3.0,0,,Oceania,right
gt,Americas,Central America,15.5,-90.25,15.5,18079810,108889.0,False,True,True,1.0,4,48.3,North America,right
gg,Europe,Northern Europe,49.46666666,-2.58333333,49.46666666,64781,78.0,False,False,False,3.0,0,,Europe,left
gn,Africa,Western Africa,11.0,-10.0,11.0,14363931,245857.0,False,True,True,1.0,6,33.7,Africa,right
gw,Africa,Western Africa,12.0,-15.0,12.0,1781308,36125.0,False,True,False,2.0,2,50.7,Africa,right
gy,Americas,South America,5.0,-59.0,5.0,772975,214969.0,False,True,True,1.0,3,45.1,South America,left
ht,Americas,Caribbean,19.0,-72.41666666,19.0,11867032,27750.0,False,True,True,2.0,1,41.1,North America,right
hm,Antarctic,,-53.0818,73.5042,53.0818,0,412.0,False,False,False,1.0,0,,Antarctica,right
hn,Americas,Central America,15.0,-86.5,15.0,9892632,112492.0,False,True,True,1.0,3,48.2,North America,right
hk,Asia,Eastern Asia,22.267,114.188,22.267,7527500,1104.0,False,False,False,2.0,1,,Asia,left
hu,Europe,Central Europe,47.0,20.0,47.0,9539502,93028.0,True,True,True,1.0,7,29.6,Europe,right
is,Europe,Northern Europe,65.0,-18.0,65.0,391810,103000.0,False,True,True,1.0,0,26.1,Europe,right
in,Asia,Southern Asia,20.0,77.0,20.0,1417492000,3287263.0,False,True,True,3.0,6,35.7,Asia,left
id,Asia,South-Eastern Asia,-5.0,120.0,5.0,284438782,1904569.0,False,True,True,1.0,3,38.2,Asia,left
ir,Asia,Southern Asia,32.0,53.0,32.0,85961000,1648195.0,False,True,True,1.0,7,42.0,Asia,right
iq,Asia,Western Asia,33.0,44.0,33.0,46118793,438317.0,False,True,True,3.0,6,29.5,Asia,right
ie,Europe,Northern Europe,53.0,-8.0,53.0,5458600,70273.0,False,True,True,2.0,1,31.4,Europe,left
im,Europe,Northern Europe,54.25,-4.5,54.25,84530,572.0,False,False,False,2.0,0,,Europe,left
il,Asia,Western Asia,31.47,35.13,31.47,10134800,21937.0,False,True,True,2.0,5,39.0,Asia,right
it,Europe,Southern Europe,42.83333333,12.83333333,42.83333333,58927633,301336.0,False,True,True,2.0,6,35.9,Europe,right
ci,Africa,Western Africa,8.0,-5.0,8.0,31719275,322463.0,False,True,True,1.0,5,41.5,Africa,right
jm,Americas,Caribbean,18.25,-77.5,18.25,2825544,10991.0,False,True,True,2.0,0,45.5,North America,left
jp,Asia,Eastern Asia,36.0,138.0,36.0,123210000,377930.0,False,True,True,1.0,0,32.9,Asia,left
je,Europe,Northern Europe,49.25,-2.16666666,49.25,103267,116.0,False,False,False,3.0,0,,Europe,left
jo,Asia,Western Asia,31.0,36.0,31.0,11734000,89342.0,False,True,True,1.0,5,33.7,Asia,right
kz,Asia,Central Asia,48.0196,66.9237,48.0196,20426568,2724900.0,True,True,True,2.0,5,27.8,Asia,right
ke,Africa,Eastern Africa,1.0,38.0,1.0,53330978,580367.0,False,True,True,2.0,5,40.8,Africa,left
ki,Oceania,Micronesia,1.41666666,173.0,1.41666666,120740,811.0,False,True,True,2.0,0,37.0,Oceania,left
xk,Europe,Southeast Europe,42.666667,21.166667,42.666667,1585566,10908.0,True,True,False,2.0,4,29.0,Europe,right
kw,Asia,Western Asia,29.5,45.75,29.5,4881254,17818.0,False,True,True,1.0,2,,Asia,right
kg,Asia,Central Asia,41.0,75.0,41.0,7281800,199951.0,True,True,True,2.0,4,29.7,Asia,right
la,Asia,South-Eastern Asia,18.0,105.0,18.0,7647000,236800.0,True,True,True,1.0,5,38.8,Asia,right
lv,Europe,Northern Europe,57.0,25.0,57.0,1829000,64559.0,False,True,True,1.0,4,35.1,Europe,right
lb,Asia,Western Asia,33.83333333,35.83333333,33.83333333,5490000,10452.0,False,True,True,2.0,2,31.8,Asia,right
ls,Africa,Southern Africa,-29.5,28.5,29.5,2116427,30355.0,True,True,True,2.0,1,44.9,Africa,left
lr,Africa,Western Africa,6.5,-9.5,6.5,5248621,111369.0,False,True,True,1.0,3,35.3,Africa,right
ly,Africa,Northern Africa,25.0,17.0,25.0,7459000,1759540.0,False,True,True,1.0,6,,Africa,right
li,Europe,Western Europe,47.26666666,9.53333333,47.26666666,40900,160.0,True,True,True,1.0,2,,Europe,right
lt,Europe,Northern Europe,56.0,24.0,56.0,2894886,65300.0,False,True,True,1.0,4,35.7,Europe,right
lu,Europe,Western Europe,49.75,6.16666666,49.75,681973,2586.0,True,True,True,3.0,3,35.4,Europe,right
mo,Asia,Eastern Asia,22.16666666,113.55,22.16666666,685900,30.0,False,False,False,2.0,1,,Asia,left
mg,Africa,Eastern Africa,-20.0,47.0,20.0,31727042,587041.0,False,True,True,2.0,0,42.6,Africa,right
mw,Africa,Eastern Africa,-13.5,34.0,13.5,20734262,118484.0,True,True,True,2.0,3,44.7,Africa,left
my,Asia,South-Eastern Asia,2.5,112.5,2.5,34231700,330803.0,False,True,True,2.0,3,41.1,Asia,left
mv,Asia,Southern Asia,3.25,73.0,3.25,515132,300.0,False,True,True,1.0,0,31.3,Asia,left
ml,Africa,Western Africa,17.0,-4.0,17.0,22395489,1240192.0,True,True,True,1.0,7,33.0,Africa,right
mt,Europe,Southern Europe,35.9375,14.3754,35.9375,574250,316.0,False,True,True,2.0,0,28.7,Europe,left
mh,Oceania,Micronesia,9.0,168.0,9.0,42418,181.0,False,True,True,2.0,0,,Oceania,right
mq,Americas,Caribbean,14.666667,-61.0,14.666667,349925,1128.0,False,False,False,1.0,0,,North America,right
mr,Africa,Western Africa,20.0,-12.0,20.0,4927532,1030700.0,False,True,True,1.0,4,32.6,Africa,right
mu,Africa,Eastern Africa,-20.28333333,57.55,20.28333333,1243741,2040.0,False,True,True,3.0,0,36.8,Africa,left
yt,Africa,Eastern Africa,-12.83333333,45.16666666,12.83333333,320901,374.0,False,False,False,1.0,0,,Africa,right
mx,Americas,North America,23.0,-102.0,23.0,130575786,1964375.0,False,True,True,1.0,3,45.4,North America,right
fm,Oceania,Micronesia,6.91666666,158.25,6.91666666,105564,702.0,False,True,True,1.0,0,40.1,Oceania,right
md,Europe,Eastern Europe,47.0,29.0,47.0,2749076,33847.0,True,True,True,1.0,2,25.7,Europe,right
mc,Europe,Western Europe,43.73333333,7.4,43.73333333,38423,2.02,False,True,True,1.0,1,,Europe,right
mn,Asia,Eastern Asia,46.0,105.0,46.0,3544835,1564110.0,True,True,True,1.0,2,32.7,Asia,right
me,Europe,Southeast Europe,42.5,19.3,42.5,623327,13812.0,False,True,True,1.0,5,38.5,Europe,right
ms,Americas,Caribbean,16.75,-62.2,16.75,4386,102.0,False,False,False,1.0,0,,North America,left
ma,Africa,Northern Africa,32.0,-5.0,32.0,36828330,446550.0,False,True,True,2.0,3,39.5,Africa,right
mz,Africa,Eastern Africa,-18.25,35.0,18.25,34090466,801590.0,False,True,True,1.0,6,54.0,Africa,left
mm,Asia,South-Eastern Asia,22.0,98.0,22.0,51316756,676578.0,False,True,True,1.0,5,30.7,Asia,right
na,Africa,Southern Africa,-22.0,17.0,22.0,3022401,825615.0,False,True,True,9.0,4,59.1,Africa,left
nr,Oceania,Micronesia,-0.53333333,166.91666666,0.53333333,11680,21.0,False,True,True,2.0,0,34.8,Oceania,left
np,Asia,Southern Asia,28.0,84.0,28.0,29911840,147181.0,True,True,True,1.0,2,32.8,Asia,left
nl,Europe,Western Europe,52.5,5.75,52.5,18100436,41865.0,False,True,True,1.0,2,28.1,Europe,right
nc,Oceania,Melanesia,-21.5,165.5,21.5,264596,18575.0,False,False,False,1.0,0,,Oceania,right
nz,Oceania,Australia and New Zealand,-41.0,174.0,41.0,5324700,268838.0,False,True,True,3.0,0,,Oceania,left
ni,Americas,Central America,13.0,-85.0,13.0,6803886,130373.0,False,True,True,1.0,2,46.2,North America,right
ne,Africa,Western Africa,16.0,8.0,16.0,26312034,1267000.0,True,True,True,1.0,7,34.3,Africa,right
ng,Africa,Western Africa,10.0,8.0,10.0,223800000,923768.0,False,True,True,1.0,4,35.1,Africa,right
nu,Oceania,Polynesia,-19.03333333,-169.86666666,19.03333333,1681,260.0,False,False,False,2.0,0,,Oceania,left
nf,Oceania,Australia and New Zealand,-29.03333333,167.95,29.03333333,2188,36.0,False,False,False,2.0,0,,Oceania,left
kp,Asia,Eastern Asia,40.0,127.0,40.0,25950000,120538.0,False,True,True,1.0,3,,Asia,right
mk,Europe,Southeast Europe,41.83333333,22.0,41.83333333,1822612,25713.0,True,True,True,1.0,5,33.0,Europe,right
mp,Oceania,Micronesia,15.2,145.75,15.2,47329,464.0,False,False,False,3.0,0,,Oceania,right
no,Europe,Northern Europe,62.0,10.0,62.0,5606944,386224.0,False,True,True,3.0,3,27.6,Europe,right
om,Asia,Western Asia,21.0,57.0,21.0,5343630,309500.0,False,True,True,1.0,3,,Asia,right
pk,Asia,Southern Asia,30.0,70.0,30.0,241499431,796095.0,False,True,True,2.0,4,31.6,Asia,left
pw,Oceania,Micronesia,7.5,134.5,7.5,16733,459.0,False,True,True,2.0,0,,Oceania,right
ps,Asia,Western Asia,31.9,35.2,31.9,5483450,6220.0,False,False,False,1.0,3,33.7,Asia,right
pa,Americas,Central America,9.0,-80.0,9.0,4064780,75417.0,False,True,True,1.0,2,49.8,North America,right
pg,Oceania,Melanesia,-6.0,147.0,6.0,11781559,462840.0,False,True,True,3.0,1,41.9,Oceania,left
py,Americas,South America,-23.0,-58.0,23.0,6109644,406752.0,True,True,True,2.0,3,45.7,South America,right
pe,Americas,South America,-10.0,-76.0,10.0,34350244,1285216.0,False,True,True,3.0,5,41.5,South America,right
ph,Asia,South-Eastern Asia,13.0,122.0,13.0,114123600,342353.0,False,True,True,2.0,0,42.3,Asia,right
pn,Oceania,Polynesia,-25.06666666,-130.1,25.06666666,35,47.0,False,False,False,1.0,0,,Oceania,left
pl,Europe,Central Europe,52.0,20.0,52.0,37392000,312679.0,False,True,True,1.0,7,30.2,Europe,right
pt,Europe,Southern Europe,39.5,-8.0,39.5,10749635,92090.0,False,True,True,1.0,1,33.5,Europe,right
pr,Americas,Caribbean,18.25,-66.5,18.25,3203295,8870.0,False,False,False,2.0,0,,North America,right
qa,Asia,Western Asia,25.5,51.25,25.5,3173024,11586.0,False,True,True,1.0,1,,Asia,right
cg,Africa,Middle Africa,-1.0,15.0,1.0,6142180,342000.0,False,True,True,3.0,5,48.9,Africa,right
ro,Europe,Southeast Europe,46.0,25.0,46.0,19036031,238391.0,False,True,True,1.0,5,35.8,Europe,right
ru,Europe,Eastern Europe,60.0,100.0,60.0,146028325,17098246.0,False,True,True,1.0,14,37.5,Europe,right
rw,Africa,Eastern Africa,-2.0,30.0,2.0,14104969,26338.0,True,True,True,3.0,4,43.7,Africa,right
re,Africa,Eastern Africa,-21.15,55.5,21.15,896175,2511.0,False,False,False,1.0,0,,Africa,right
bl,Americas,Caribbean,18.5,-63.41666666,18.5,10562,21.0,False,False,False,1.0,0,,North America,right
sh,Africa,Western Africa,-15.95,-5.72,15.95,5651,394.0,False,False,False,1.0,0,,Africa,left
kn,Americas,Caribbean,17.33333333,-62.75,17.33333333,51320,261.0,False,True,True,1.0,0,,North America,left
lc,Americas,Caribbean,13.88333333,-60.96666666,13.88333333,184100,616.0,False,True,True,1.0,0,51.2,North America,left
mf,Americas,Caribbean,18.0708,-63.0501,18.0708,31496,53.0,False,False,False,1.0,1,,North America,right
pm,Americas,North America,46.83333333,-56.33333333,46.83333333,5819,242.0,False,False,False,1.0,0,,North America,right
vc,Americas,Caribbean,13.25,-61.2,13.25,110872,389.0,False,True,True,1.0,0,,North America,left
ws,Oceania,Polynesia,-13.58333333,-172.33333333,13.58333333,205557,2842.0,False,True,True,2.0,0,38.7,Oceania,left
sm,Europe,Southern Europe,43.76666666,12.41666666,43.76666666,34132,61.0,True,True,True,1.0,1,,Europe,right
sa,Asia,Western Asia,25.0,45.0,25.0,35300280,2149690.0,False,True,True,1.0,7,,Asia,right
sn,Africa,Western Africa,14.0,-14.0,14.0,18593258,196722.0,False,True,True,1.0,5,40.3,Africa,right
rs,Europe,Southeast Europe,44.0,21.0,44.0,6567783,77589.0,True,True,True,1.0,8,36.2,Europe,right
sc,Africa,Eastern Africa,-4.58333333,55.66666666,4.58333333,122729,452.0,False,True,True,3.0,0,32.1,Africa,left
sl,Africa,Western Africa,8.5,-11.5,8.5,9077691,71740.0,False,True,True,1.0,2,35.7,Africa,right
sg,Asia,South-Eastern Asia,1.36666666,103.8,1.36666666,6110200,710.0,False,True,True,4.0,0,,Asia,left
sx,Americas,Caribbean,18.033333,-63.05,18.033333,41349,34.0,False,False,False,3.0,1,,North America,right
sk,Europe,Central Europe,48.66666666,19.5,48.66666666,5413813,49037.0,True,True,True,1.0,5,25.0,Europe,right
si,Europe,Central Europe,46.11666666,14.81666666,46.11666666,2130638,20273.0,False,True,True,1.0,4,24.6,Europe,right
sb,Oceania,Melanesia,-8.0,159.0,8.0,750325,28896.0,False,True,True,1.0,0,37.1,Oceania,left
so,Africa,Eastern Africa,10.0,49.0,10.0,19655000,637657.0,False,True,True,2.0,3,36.8,Africa,right
za,Africa,Southern Africa,-29.0,24.0,29.0,63100945,1221037.0,False,True,True,11.0,6,63.0,Africa,left
gs,Antarctic,,-54.5,-37.0,54.5,0,3903.0,False,False,False,1.0,0,,Antarctica,right
kr,Asia,Eastern Asia,37.0,127.5,37.0,51159889,100210.0,False,True,True,1.0,1,31.4,Asia,right
ss,Africa,Middle Africa,7.0,30.0,7.0,15786898,619745.0,True,True,True,1.0,6,44.1,Africa,right
es,Europe,Southern Europe,40.0,-4.0,40.0,49315949,505992.0,False,True,True,4.0,5,34.7,Europe,right
lk,Asia,Southern Asia,7.0,81.0,7.0,21763170,65610.0,False,True,True,2.0,0,39.3,Asia,left
sd,Africa,Northern Africa,15.0,30.0,15.0,51662000,1886068.0,False,True,True,2.0,7,34.2,Africa,right
sr,Americas,South America,4.0,-56.0,4.0,616500,163820.0,False,True,True,1.0,3,57.9,South America,left
sj,Europe,Northern Europe,78.0,20.0,78.0,2530,61399.0,False,False,False,1.0,0,,Europe,right
se,Europe,Northern Europe,62.0,15.0,62.0,10605098,450295.0,False,True,True,1.0,2,30.0,Europe,right
ch,Europe,Western Europe,47.0,8.0,47.0,9082848,41284.0,True,True,True,4.0,5,33.1,Europe,right
sy,Asia,Western Asia,35.0,38.0,35.0,25620000,185180.0,False,True,True,1.0,5,37.5,Asia,right
st,Africa,Middle Africa,1.0,7.0,1.0,209607,964.0,False,True,True,1.0,0,56.3,Africa,right
tw,Asia,Eastern Asia,23.5,121.0,23.5,23317031,36197.0,False,False,False,1.0,0,,Asia,right
tj,Asia,Central Asia,39.0,71.0,39.0,10499000,143100.0,True,True,True,2.0,4,34.0,Asia,right
tz,Africa,Eastern Africa,-6.0,35.0,6.0,68153004,947303.0,False,True,True,2.0,8,40.5,Africa,left
th,Asia,South-Eastern Asia,15.0,100.0,15.0,65859640,513120.0,False,True,True,1.0,4,34.9,Asia,left
tl,Asia,South-Eastern Asia,-8.83333333,125.91666666,8.83333333,1391221,14874.0,False,True,True,2.0,1,28.7,Oceania,left
tg,Africa,Western Africa,8.0,1.16666666,8.0,8095498,56785.0,False,True,True,1.0,3,43.1,Africa,right
tk,Oceania,Polynesia,-9.0,-172.0,9.0,2608,12.0,False,False,False,3.0,0,,Oceania,left
to,Oceania,Polynesia,-20.0,-175.0,20.0,100179,747.0,False,True,True,2.0,0,37.6,Oceania,left
tt,Americas,Caribbean,10.6918,-61.2225,10.6918,1367764,5130.0,False,True,True,1.0,0,40.3,North America,left
tn,Africa,Northern Africa,34.0,9.0,34.0,11972169,163610.0,False,True,True,1.0,2,32.8,Africa,right
tr,Asia,Western Asia,39.0,35.0,39.0,85664944,783562.0,False,True,True,1.0,8,41.9,Europe,right
tm,Asia,Central Asia,40.0,60.0,40.0,7057841,488100.0,True,True,True,2.0,4,40.8,Asia,right
tc,Americas,Caribbean,21.75,-71.58333333,21.75,50828,948.0,False,False,False,1.0,0,,North America,left
tv,Oceania,Polynesia,-8.0,178.0,8.0,10643,26.0,False,True,True,2.0,0,39.1,Oceania,left
ug,Africa,Eastern Africa,1.0,32.0,1.0,45905417,241550.0,True,True,True,2.0,5,42.8,Africa,left
ua,Europe,Eastern Europe,49.0,32.0,49.0,32862000,603550.0,False,True,True,1.0,7,26.6,Europe,right
ae,Asia,Western Asia,24.0,54.0,24.0,11294243,83600.0,False,True,True,1.0,2,26.0,Asia,right
gb,Europe,Northern Europe,54.0,-2.0,54.0,69281437,244376.0,False,True,True,1.0,1,35.1,Europe,left
us,Americas,North America,38.0,-97.0,38.0,340110988,9525067.0,False,True,True,1.0,2,41.4,North America,right
um,Americas,North America,19.3,166.633333,19.3,0,34.2,False,False,False,1.0,0,,Oceania,right
vi,Americas,Caribbean,18.35,-64.933333,18.35,87146,347.0,False,False,False,1.0,0,,North America,right
uy,Americas,South America,-33.0,-56.0,33.0,3499451,181034.0,False,True,True,1.0,2,39.7,South America,right
uz,Asia,Central Asia,41.0,64.0,41.0,37859698,447400.0,True,True,True,2.0,5,35.3,Asia,right
vu,Oceania,Melanesia,-16.0,167.0,16.0,321409,12189.0,False,True,True,3.0,0,37.6,Oceania,right
va,Europe,Southern Europe,41.9,12.45,41.9,882,0.49,True,True,False,2.0,1,,Europe,right
ve,Americas,South America,8.0,-66.0,8.0,28517000,916445.0,False,True,True,1.0,3,44.8,South America,right
vn,Asia,South-Eastern Asia,16.16666666,107.83333333,16.16666666,101343800,331212.0,False,True,True,1.0,3,35.7,Asia,right
wf,Oceania,Polynesia,-13.3,-176.2,13.3,11620,142.0,False,False,False,1.0,0,,Oceania,right
eh,Africa,Northern Africa,24.5,-13.0,24.5,600904,266000.0,False,False,False,3.0,3,,Africa,right
ye,Asia,Western Asia,15.0,48.0,15.0,32684503,527968.0,False,True,True,1.0,2,36.7,Asia,right
zm,Africa,Eastern Africa,-15.0,30.0,15.0,19693423,752612.0,True,True,True,1.0,8,57.1,Africa,left
zw,Africa,Southern Africa,-20.0,30.0,20.0,17073087,390757.0,True,True,True,15.0,4,50.3,Africa,left
ax,Europe,Northern Europe,60.116667,19.9,60.116667,30654,1580.0,False,False,False,1.0,0,,Europe,right
