code,gdp_per_capita,life_expectancy,forest_pct,avg_temp_c,annual_precip_mm,annual_sunshine_hrs
af,357.261152798144,65.617,1.85278199408184,17.3,154,3773
al,7756.96188744253,78.769,28.7919708029197,16.7,1337,3466
dz,4960.30334332888,76.129,0.826286664371426,25.8,12,3859
as,18017.4589383973,72.752,85.35,27.3,3001,3587
ad,42414.0479861228,84.016,34.0425531914894,11.1,763,3589
ao,3682.1131513698,64.246,52.5364972326943,20.3,1009,3479
ai,,,,27.1,815,3940
aq,,,,-43.7,25,3599
ag,20105.1989085164,77.483,18.1615909090909,27.0,776,3938
ar,13962.1894087223,75.806,10.3610566048767,17.9,715,3317
am,6571.97445545099,74.7658536585366,11.6336717932132,7.7,793,3636
aw,30975.9989121779,76.226,2.33333333333333,27.9,410,3994
au,65169.5191118657,83.2,17.4213145571644,22.5,229,3782
at,52336.7725223758,81.2951219512195,47.206131846825,5.6,1764,2781
az,7770.594223351,74.125,13.9724815486993,17.1,577,3229
bs,34957.1613279737,74.491,50.9350649350649,26.3,964,3715
bh,30470.5219276023,80.992,0.936708860759494,28.1,147,3706
bd,2716.48592780431,74.265,14.458774758176,25.5,1690,3367
bb,24387.0387293761,75.676,14.6511627906977,25.5,1006,3817
by,7994.64806074889,74.1033658536585,43.3351396620523,9.1,808,2582
be,50605.7496677086,81.7487804878049,22.604446776415,11.9,1032,2562
bz,7068.21728043145,72.19,55.0078912757563,26.0,1708,3582
bj,1266.42711031904,60.475,26.9169031571479,26.7,833,3324
bm,121613.939983629,82.062,18.5185185185185,22.4,1827,3283
bt,3711.32767981591,72.754,71.5521761929733,13.9,3712,3365
bo,4219.46113742445,67.434,46.5396883596418,12.5,3811,3010
ba,7655.59421024383,76.777,42.7326171875,11.4,1313,3064
bw,8328.7090572666,68.749,26.4995676953752,23.2,294,3912
bv,,,,-3.6,1061,1229
br,9281.33282136864,74.872,59.1275092305226,25.5,1554,3405
io,,,,27.2,2407,3621
vg,,77.177,24.1333333333333,26.7,868,3927
bn,36632.9280952155,72.917,72.1062618595825,26.0,3895,3065
bg,13999.1949530956,74.1609756097561,36.0998526160649,12.5,743,3160
bf,827.330843486661,60.7,22.3552631578947,28.7,647,3661
bi,302.992505263552,62.882,10.8894080996885,19.2,1303,3711
kh,2325.03050040841,70.528,43.9439723544074,27.2,2577,3449
cm,1604.87726954895,62.443,42.7925789596158,23.5,1406,3373
ca,56256.8007264015,81.2453658536585,39.4659199995449,-4.5,390,2612
cv,4323.31362032709,75.907,11.4937965260546,24.6,154,3810
bq,,,,27.5,654,3946
ky,93030.7051447803,79.984,52.6666666666667,28.0,1050,3838
cf,467.359825026238,18.818,35.7041959613471,26.4,839,3451
td,966.036468278568,54.528,3.24924110546379,30.2,95,3757
cl,15405.6165774073,79.176,24.8461772576085,11.3,16,3899
cn,12970.6056414327,78.202,23.8316995465589,7.7,709,2813
cx,,,,25.0,922,3882
cc,,,,26.3,1204,3857
co,6680.44506854481,76.508,52.9457763857593,26.3,2114,3525
km,1465.479642862,66.481,17.2165502418055,26.9,617,3994
ck,,,,22.5,1550,3378
cr,13625.9008491328,79.316,60.0785350567959,18.5,4070,3058
hr,18465.5414420364,77.5756097560976,34.7410650464618,12.8,1324,3015
cu,,77.629,31.233140655106,27.2,850,3884
cw,20057.1404747175,76.729,0.157657657657658,28.2,555,3964
cy,33231.04296875,80.434,18.6677489177489,17.6,387,3811
cz,28282.2236715857,78.9292682926829,34.7369431785448,9.7,876,2716
cd,687.738587554685,60.979,54.6754592973247,24.8,1041,3210
dk,67781.0940939514,81.3048780487805,15.758,9.1,1073,2660
dj,3133.25779772463,65.54,0.257308024158758,29.8,386,3791
dm,9323.66089490562,71.081,63.8266666666667,23.1,1630,3732
do,10104.2449349081,74.211,44.8209283285911,17.5,1060,3731
ec,6515.58528418336,76.577,49.8038734095668,25.5,2627,3235
eg,4233.30783744856,71.01,0.0451855944547692,23.0,2,3932
sv,5074.60210221806,71.969,27.7451737451737,24.5,1407,3817
gq,7589.29964909381,63.355,86.6916221033868,24.2,3554,2738
er,,67.789,8.65617743125414,19.5,328,3888
ee,28340.3826549406,77.8439024390244,57.0652937046572,6.6,768,2550
sz,3894.1620089869,63.028,29.0686046511628,20.4,898,3334
et,982.103161506992,66.897,14.9955852855138,13.5,2400,3567
fk,,,,6.5,690,2565
fo,67058.2022648126,82.9439024390244,0.0583941605839416,6.7,1648,1489
fj,5414.12092119088,67.148,63.1297208538588,22.4,2720,2760
fi,50440.560224974,81.1878048780488,73.7264996576714,3.6,777,2307
fr,40988.6396406579,82.1292682926829,32.32173671027,11.6,1011,2772
gf,,,,25.2,3293,3031
pf,20053.9569369322,83.859,43.0596369922213,18.5,4734,3079
tf,,,,2.0,4082,1220
ga,8409.2074145028,67.713,91.228470524314,22.5,2798,3056
gm,836.244875868476,64.859,22.8459584980237,26.6,702,3653
ge,6729.84659930283,74.141,40.6159159591308,9.1,1378,2965
de,50506.5179638543,80.6080487804878,32.685482024273,9.9,1003,2512
gh,2229.89122647803,65.246,35.1604431005612,26.6,1512,3295
gi,,83.517,0.0,18.1,450,3638
gr,20886.5243087629,80.7878048780488,30.2699767261443,14.0,1263,3349
gl,55635.0006491223,71.5404878048781,0.000535997076379583,-26.5,282,2581
gd,10469.3867012856,75.151,52.0588235294118,26.1,1189,3900
gp,,,,26.1,1208,3848
gu,41833.1517132825,77.102,51.8518518518518,26.9,3482,3437
gt,5358.70156997677,71.206,32.7043673012318,18.5,2260,3280
gg,,,,12.7,1097,2886
gn,1416.59612011764,60.432,24.8616311248576,26.2,1012,3570
gw,883.199131457831,63.605,69.8125889046942,27.5,1199,3401
gy,17913.4928066879,69.888,87.1314345931609,25.8,2440,3594
ht,1760.62635668777,63.948,12.3759071117562,26.8,932,3845
hm,,,,-13.5,4046,1466
hn,3003.28996826399,72.715,56.4604522298686,21.9,1350,3725
hk,48825.8441873536,83.6609756097561,,23.0,2054,3008
hu,18428.028825614,75.8682926829268,22.4643754109139,13.1,770,3047
is,76350.4550416502,82.119512195122,0.522265198849549,-1.5,893,1610
in,2347.44829434623,71.698,24.4494970049005,25.9,867,3614
id,4730.83484836107,70.925,48.0419900717626,27.3,1129,3605
ir,4721.20437099984,76.799,6.64160246533128,19.0,141,3799
iq,6520.73154560584,72.037,1.90035242899592,25.1,122,3684
ie,105190.685952731,82.509756097561,11.4678472927856,11.0,1328,2265
im,88328.548125887,80.956,6.07017543859649,8.7,1659,2632
il,54949.621556429,82.7,6.46950092421442,18.7,213,3788
it,35653.9042103495,82.7,32.7125321249831,13.0,1076,3405
ci,2333.37128301259,61.562,8.21049968553459,26.2,1339,3283
jm,6626.47502388538,71.481,55.8320498614958,21.7,1114,3792
jp,34065.6438962526,83.9963414634146,68.4087791495199,11.5,1297,3173
je,,,,13.1,1177,2909
jo,4332.25159897931,77.088,1.09804716534901,18.5,99,3850
kz,11255.3396437881,73.503,1.3013145534689,8.3,266,3167
ke,2109.56288513137,63.549,6.21662477880402,26.7,693,3858
ki,2069.7671726925,66.269,1.45679012345679,27.8,3600,3506
xk,5290.95006509706,77.623,,11.8,762,3235
kw,39981.7691035833,80.5878048780488,0.350729517396184,25.5,177,3660
kg,1739.72018344174,72.0487804878049,7.04827945776851,-0.7,851,3670
la,2046.40440255621,68.715,71.6052859618717,21.9,1755,3358
lv,20221.103686109,74.2780487804878,54.933793990037,7.4,1029,2418
lb,3654.35845534878,78.003,14.128054740958,13.6,788,3719
ls,1030.12582947757,56.812,1.13702239789196,9.4,744,3789
lr,744.617175237387,61.934,78.4563953488372,25.1,2394,2938
ly,5986.63694851258,74.462,0.123327687918433,24.0,1,3900
li,188055.003235348,84.1219512195122,41.875,11.6,2097,2797
lt,25085.784063499,75.6439024390244,35.2036435371542,8.7,672,2627
lu,123719.658915996,82.9463414634147,34.4538272103664,10.8,1034,2647
mo,36806.891255461,83.0804878048781,,23.6,2131,3005
mg,503.51453347296,63.068,21.3189737023032,18.8,1358,3677
mw,604.269740360317,66.037,22.8860840050912,19.7,1035,3524
my,11754.5678336248,75.444,57.871678587734,24.4,3888,2787
mv,11786.0191492983,80.76,2.73333333333333,27.8,2429,3556
ml,976.914116406452,60.035,10.896663634352,29.4,60,3700
mt,35638.8869457406,82.4487804878049,1.4375,20.1,337,3706
mh,6455.66062185762,66.725,52.2222222222222,27.7,2579,3621
mq,,,,25.6,1535,3854
mr,1960.35240077424,68.281,0.292896963228874,27.6,34,3727
mu,10246.5017455553,73.5146341463415,19.4541812719079,20.8,1795,3710
yt,,,,26.0,857,3952
mx,11405.7940473759,73.973,33.6618740193935,18.4,305,3881
fm,3710.12451611752,66.961,92.1142857142857,25.2,5967,3056
md,5744.29618434435,71.546,11.7548661800487,12.6,507,2992
mc,226052.001905201,85.746,0.0,13.6,827,3568
mn,4993.51487463495,71.9007317073171,9.09849695989111,3.0,302,3494
me,10024.5435616209,76.1878048780488,61.4869888475836,13.9,2185,3243
ms,,,,24.9,888,3907
ma,3463.1376953125,75.161,12.9136878781089,18.5,132,3848
mz,578.251663751351,63.011,46.1193311121849,25.5,1075,3677
mm,1158.05005055976,66.506,42.846262276495,21.9,1819,3471
na,4349.79908493314,64.19,7.89136270330017,18.9,331,3908
nr,12911.9086441381,61.93,0.0,27.6,2544,3652
np,1385.91066274851,70.087,41.5907220090687,18.9,1532,3452
nl,59123.318556487,81.6146341463415,11.0296673596674,11.5,1243,2627
nc,33516.363085906,77.698,45.8326039387309,21.7,1478,3507
nz,49099.7090423358,81.9585365853658,37.719363487904,13.8,1274,3218
ni,2322.89053964583,74.463,26.6538972910088,24.6,2636,3270
ne,609.745147574878,60.398,0.83276229572906,27.9,79,3846
ng,2899.16047470324,54.079,23.3871888621716,23.9,870,3404
nu,,,,24.9,2359,3338
nf,,,,19.2,883,3640
kp,,73.641,49.7300888630512,4.4,1108,3019
mk,7606.2375253797,74.4248780487805,39.7101506740682,14.2,614,3466
mp,23785.754590043,78.531,52.9565217391304,26.0,1899,3705
no,109269.520580298,82.509756097561,33.4795618634529,0.6,872,2356
om,23223.5829405935,77.911,0.00779030694668821,29.5,12,3819
pk,1538.3228133171,67.417,4.72605334163553,17.2,439,3743
pw,13729.7602761496,68.922,90.3695652173913,26.6,6590,2828
ps,3799.95527015163,76.662,1.68298755186722,17.2,391,3757
pa,17378.6070017557,79.324,56.4978579131842,25.8,2444,3231
pg,3102.28968594061,65.274,79.0281764783818,27.3,3141,3231
py,6205.62595379319,72.319,39.2502935554672,25.9,1433,3423
pe,7350.63034300417,76.834,56.238047734375,4.9,1863,3458
ph,3548.06930572116,69.472,24.3430593285709,27.6,2243,3606
pn,,,,22.7,1672,3374
pl,18891.2121169279,77.1560975609756,31.0594923061845,10.7,721,2614
pt,24620.5197587181,81.6317073170732,36.154994891142,17.1,650,3454
pr,35353.6821570014,79.427,56.0665163472379,24.4,1140,3746
qa,88701.4689763536,81.857,0.0,28.2,131,3699
cg,2620.83804267402,65.0,64.1756954612006,24.3,2052,3161
ro,15503.551804598,75.1536585365854,30.1158292767733,10.2,843,3081
ru,15619.6142578125,72.5456097560976,49.7843605035639,-2.6,385,2685
rw,975.469323735369,67.528,11.2687474665586,19.9,849,3706
re,,,,11.1,2529,3617
bl,,,,27.1,856,3914
sh,,,,17.6,382,3812
kn,21011.5744209816,70.313,42.3076923076923,23.9,845,3943
lc,13103.8243147472,72.67,34.0491803278688,24.5,1407,3923
mf,,80.236,24.8,25.1,742,3931
pm,,,,5.6,1374,2262
vc,9693.55867833025,71.191,73.1794871794872,23.0,1331,3938
ws,4132.44717734444,71.55,57.8093525179856,22.3,3829,3286
sm,54190.8417700372,85.708,16.6666666666667,13.1,1061,3216
sa,38510.2276211037,77.31,0.454484134921779,25.6,187,3745
sn,1574.0281059306,67.788,41.4904690178154,30.3,541,3623
rs,10024.8191112596,75.2365853658537,32.3858163872042,12.9,898,3005
sc,16836.6721895387,73.7024390243903,73.2608695652174,27.1,2936,3551
sl,860.371067916096,61.275,34.5721806594625,24.8,2432,2871
sg,90299.0694637269,82.8951219512195,21.1838440111421,26.6,3401,3343
sx,37793.1284399157,76.18,10.8823529411765,27.0,742,3931
sk,21317.7943982363,76.9658536585366,40.05615640599,5.4,1175,2771
si,28360.3041467268,81.2829268292683,61.2701922885918,10.9,1520,2919
sb,1877.78104490956,70.409,90.0861021793498,26.5,4061,3014
so,573.141165798229,53.931,9.28762712404757,23.7,179,3895
za,6534.24867783397,65.454,13.9950786833623,19.5,345,3886
gs,,,,3.1,1721,1401
kr,34822.4048404971,82.6804878048781,64.2110655737705,12.7,1692,2869
ss,,57.203,11.3256215087114,29.5,412,3643
es,30319.4987196616,83.1341463414634,37.1827922798055,16.7,479,3541
lk,3342.63650253855,77.3,34.0559327513741,22.1,2592,3249
sd,1046.24084472656,65.695,9.64400428265525,28.6,20,3873
sr,6084.43876736445,73.254,94.5238739770656,25.9,3070,3359
sj,,,,-2.7,420,2054
se,54836.8907235124,83.0585365853659,68.6996660773915,3.3,946,2489
ch,94394.5106803525,83.6048780487805,32.2956707010417,8.4,1946,2890
sy,1051.67149587463,72.79,2.84267276588793,17.5,208,3798
st,2389.73729784737,69.237,52.7708333333333,26.6,2111,3220
tw,,,,11.3,1994,3279
tj,1052.17949484894,71.562,3.06794437639599,-1.6,943,3399
tz,1207.52062988281,66.879,50.5836531948521,23.8,897,3911
th,6909.35281815827,75.291,38.7578539411615,28.7,1304,3531
tl,2343.24954740187,67.368,61.7552118359112,21.8,2215,3559
tg,951.232378690387,62.29,22.1244714101857,26.6,1538,3350
tk,,,,28.0,2459,3710
to,5298.01941509951,72.635,12.4305555555556,25.0,1689,3439
tt,20750.5202434652,73.331,44.317738791423,24.8,1325,3781
tn,3707.29283414381,76.05,4.54293254376931,22.4,55,3807
tr,10897.8397861365,77.591,29.2768733027559,11.4,510,3589
tm,5837.84224538947,69.913,8.78215904496414,17.8,118,3534
tc,31280.5418020808,77.918,11.0736842105263,27.1,818,3876
tv,5911.32727055301,66.852,33.3333333333333,28.2,2626,3625
ug,963.067314117178,67.675,11.2477114502294,23.6,1035,3635
ua,4199.6708984375,72.658,16.7449085260614,10.9,635,2803
ae,50759.7589231191,80.487,4.46775556181357,28.9,71,3790
gb,47057.043229179,81.0112195121951,13.2554871243748,7.9,1433,2363
us,76657.2488844403,77.4341463414634,33.8669264120375,14.7,698,3415
um,,,,26.5,726,3948
vi,44320.909185774,80.319512195122,57.7428571428571,25.8,905,3894
uy,20818.6146091144,76.468,11.8443606444978,17.9,1223,3192
uz,2578.66689394219,72.147,8.49046413042492,16.8,102,3633
vu,3370.21191956953,71.302,36.2838392124692,26.9,1674,3469
va,,,,16.7,1036,3444
ve,3155.04207099687,72.566,52.2949719403662,28.2,1656,3645
vn,4147.69777213621,74.502,47.203321964464,20.0,3240,2902
wf,,,,27.4,2970,3601
eh,,,,24.3,82,3844
ye,,67.952,1.03983180862549,21.9,85,3947
zm,1447.12310138035,65.279,59.7769691548178,24.6,788,3707
zw,2536.40050223076,62.36,44.8557321959416,22.3,907,3508
ax,,,,7.0,789,2734
