code,name,warmth_score,coolness_score,red_pct,blue_pct,green_pct,yellow_pct,white_pct,black_pct,palette_complexity,color_contrast,aggression_index,visual_entropy,edge_density,spatial_entropy,horizontal_dominance,vertical_dominance,diagonal_dominance,symmetry_score,aspect_ratio
af,Afghanistan,0.4849,0.5151,0.284,0.0,0.3269,0.0,0.027,0.3093,7,92.94,0.5933,3.3376,0.0888,2.75,0.1158,0.0842,0.8,0.441,1.5009
al,Albania,1.0,0.0,0.8861,0.0,0.0,0.0,0.0,0.1125,3,49.82,0.9986,0.8833,0.0298,1.0613,0.0889,0.1444,0.7667,1.0,1.4011
dz,Algeria,0.1199,0.88,0.0609,0.0,0.4599,0.0,0.4773,0.0,3,67.05,0.0609,1.3938,0.0091,1.8113,0.0,1.0,0.0,-0.9368,1.5009
as,American Samoa,0.251,0.7443,0.1082,0.4969,0.0,0.018,0.3155,0.0054,5,91.47,0.1136,2.416,0.0537,2.875,0.0,0.0,1.0,0.1236,2.0
ad,Andorra,0.6807,0.3193,0.3343,0.3188,0.0001,0.3029,0.0011,0.0,6,100.79,0.3343,2.4375,0.0379,2.625,0.0,1.0,0.0,0.8669,1.4286
ao,Angola,1.0,0.0,0.4841,0.0,0.0,0.0439,0.0,0.4684,3,77.9,0.9525,1.4438,0.0185,1.6774,1.0,0.0,0.0,0.5925,1.5009
ai,Anguilla,0.1297,0.8703,0.0939,0.7664,0.0,0.0,0.1167,0.0,4,79.52,0.0939,1.5042,0.0448,1.75,0.4545,0.1818,0.3636,0.0209,2.0
aq,Antarctica,0.0,1.0,0.0,0.6831,0.0,0.0,0.3129,0.0,2,34.53,0.0,1.1305,0.012,2.555,0.1358,0.1111,0.7531,0.6449,1.5009
ag,Antigua and Barbuda,0.8347,0.1653,0.4995,0.1085,0.002,0.0552,0.0752,0.2561,5,99.73,0.7556,2.1116,0.0206,2.75,0.4,0.0,0.6,1.0,1.5009
ar,Argentina,0.0369,0.9631,0.0,0.67,0.0,0.0065,0.3039,0.0,3,43.69,0.0,1.3135,0.024,1.5,1.0,0.0,0.0,0.9945,1.6
am,Armenia,0.6625,0.3375,0.3312,0.3375,0.0,0.3312,0.0,0.0,3,76.76,0.3312,1.6745,0.0062,2.0,1.0,0.0,0.0,1.0,2.0
aw,Aruba,0.1246,0.8754,0.0106,0.8707,0.0,0.1127,0.0049,0.0,3,63.94,0.0106,0.8357,0.0245,1.2718,1.0,0.0,0.0,0.8256,1.5009
au,Australia,0.1092,0.8908,0.0939,0.7958,0.0,0.0,0.1028,0.0,3,79.49,0.0939,1.3217,0.0429,1.0613,0.4444,0.2222,0.3333,-0.0493,2.0
at,Austria,1.0,0.0,0.6667,0.0,0.0,0.0,0.3286,0.0,2,51.99,0.6667,0.9942,0.0093,1.0,1.0,0.0,0.0,1.0,1.5009
az,Azerbaijan,0.3278,0.6722,0.3152,0.3312,0.3312,0.0,0.0143,0.0,4,69.68,0.3152,1.8499,0.0129,2.625,1.0,0.0,0.0,0.2779,2.0
bs,Bahamas,0.2647,0.7239,0.0,0.5681,0.0,0.2161,0.0,0.2152,3,79.85,0.2152,1.5706,0.0162,2.1556,0.5,0.0,0.5,-0.2846,2.0
bh,Bahrain,1.0,0.0,0.6758,0.0,0.0,0.0,0.3219,0.0,2,48.35,0.6758,1.0118,0.0089,1.75,0.0,0.4211,0.5789,-0.485,1.6667
bd,Bangladesh,0.21,0.79,0.2098,0.0,0.7897,0.0,0.0,0.0,2,65.41,0.2098,0.8237,0.0073,1.5488,0.0732,0.0488,0.878,0.6053,1.6667
bb,Barbados,0.3067,0.6933,0.0,0.6625,0.0,0.2945,0.0,0.0353,3,87.77,0.0353,1.2485,0.0148,1.5,0.0,1.0,0.0,1.0,1.5009
by,Belarus,0.6956,0.3044,0.6606,0.0,0.2929,0.0,0.0358,0.0,3,68.25,0.6606,1.539,0.0322,2.3113,0.0,0.1818,0.8182,-0.0606,2.0
be,Belgium,1.0,0.0,0.3344,0.0,0.0,0.3312,0.0,0.3312,3,86.38,0.6656,1.6361,0.0062,2.0,0.0,1.0,0.0,0.4495,1.1544
bz,Belize,0.2409,0.7588,0.2054,0.6575,0.04,0.0082,0.0648,0.0002,6,75.86,0.2056,2.2394,0.0526,1.875,1.0,0.0,0.0,0.7852,1.6667
bj,Benin,0.6,0.4,0.2986,0.0,0.4,0.2986,0.0,0.0,3,70.1,0.2986,1.594,0.0058,2.25,0.5,0.5,0.0,0.0742,1.5009
bm,Bermuda,0.8784,0.121,0.7402,0.0825,0.0186,0.0109,0.1267,0.0,5,77.96,0.7402,1.8934,0.0557,1.75,0.3333,0.2667,0.4,0.0124,2.0
bt,Bhutan,1.0,0.0,0.4109,0.0,0.0,0.4447,0.0937,0.0001,5,38.72,0.411,2.3311,0.0635,2.9772,0.2941,0.0588,0.6471,0.1285,1.5009
bo,Bolivia,0.6501,0.3485,0.3487,0.004,0.3431,0.2954,0.0007,0.0017,4,64.93,0.3504,2.2142,0.0267,2.5,1.0,0.0,0.0,0.9862,1.4679
ba,Bosnia and Herzegovina,0.2605,0.7395,0.0,0.7125,0.0,0.2516,0.0342,0.0,3,90.78,0.0,1.3211,0.0256,1.5488,0.0,0.25,0.75,0.311,2.0
bw,Botswana,0.0,1.0,0.0,0.7512,0.0,0.0,0.0751,0.1643,3,99.49,0.1643,1.1325,0.0187,1.5,1.0,0.0,0.0,1.0,1.5009
bv,Bouvet Island,0.7529,0.2471,0.6149,0.2038,0.0,0.0,0.1684,0.0,4,81.52,0.6149,1.5472,0.0253,1.8113,0.5,0.5,0.0,0.488,1.3746
br,Brazil,0.1776,0.8211,0.0,0.1219,0.6912,0.1761,0.0078,0.0,3,86.85,0.0,1.5833,0.0259,1.75,0.1111,0.0,0.8889,0.8285,1.4286
io,British Indian Ocean Territory,0.1941,0.8055,0.099,0.4343,0.0327,0.0062,0.3971,0.0,7,79.08,0.099,2.9687,0.1171,2.1494,0.1923,0.0513,0.7564,0.023,2.0
vg,British Virgin Islands,0.1457,0.8518,0.0957,0.7037,0.0598,0.0272,0.0889,0.001,7,84.49,0.0967,2.1762,0.0631,1.875,0.2069,0.1724,0.6207,-0.1251,2.0
bn,Brunei,1.0,0.0,0.0607,0.0,0.0,0.5465,0.2082,0.1704,4,99.77,0.2311,2.2219,0.0415,3.75,0.0,0.0,1.0,0.0075,2.0
bg,Bulgaria,0.5,0.5,0.3333,0.0,0.3333,0.0,0.3333,0.0,3,64.63,0.3333,1.585,0.0103,2.0,1.0,0.0,0.0,1.0,1.6667
bf,Burkina Faso,0.5112,0.4886,0.4909,0.0,0.4886,0.0201,0.0,0.0,3,73.25,0.4909,1.1778,0.0042,1.4056,0.1667,0.0,0.8333,0.9999,1.5009
bi,Burundi,0.4716,0.5284,0.3092,0.0,0.3479,0.0004,0.3376,0.0,3,76.21,0.3092,1.953,0.0267,2.25,0.0,0.0,1.0,0.9999,1.6667
kh,Cambodia,0.4499,0.5501,0.3988,0.4976,0.0,0.0,0.0498,0.0,4,68.77,0.3988,1.9946,0.0462,2.5,1.0,0.0,0.0,0.9983,1.5625
cm,Cameroon,0.6656,0.3344,0.318,0.0,0.3344,0.3438,0.0,0.0,3,62.79,0.318,1.6828,0.0062,2.25,0.0,1.0,0.0,-0.4038,1.5009
ca,Canada,1.0,0.0,0.6389,0.0,0.0,0.0,0.3584,0.0,2,45.81,0.6389,1.1222,0.0183,1.75,0.0,1.0,0.0,1.0,2.0
cv,Cape Verde,0.1233,0.8764,0.0851,0.7418,0.0005,0.0137,0.153,0.0,4,77.64,0.0851,1.3781,0.0282,1.2988,1.0,0.0,0.0,0.9704,1.6985
bq,Caribbean Netherlands,0.1754,0.8246,0.0185,0.5027,0.0,0.0878,0.3626,0.0222,5,87.9,0.0407,1.8208,0.0213,2.6085,0.0,0.0,1.0,0.1028,1.5009
ky,Cayman Islands,0.1573,0.8409,0.1087,0.7421,0.0145,0.0262,0.0927,0.0002,7,88.73,0.1089,2.084,0.0634,1.75,0.1714,0.2,0.6286,-0.1442,2.0
cf,Central African Republic,0.4829,0.5163,0.1672,0.2006,0.2109,0.2168,0.2029,0.0,5,85.75,0.1672,2.4628,0.0202,3.125,0.6,0.4,0.0,0.9651,1.5009
td,Chad,0.6656,0.3344,0.3344,0.3312,0.0031,0.3312,0.0,0.0,3,87.9,0.3344,1.6361,0.0062,2.0,0.0,1.0,0.0,0.8976,1.5009
cl,Chile,0.7615,0.2385,0.4977,0.1567,0.0,0.0,0.3423,0.0,3,67.95,0.4977,1.5444,0.0092,1.75,0.5,0.5,0.0,0.0542,1.5009
cn,China,1.0,0.0,0.9742,0.0,0.0,0.0233,0.0,0.0,2,66.53,0.9742,0.2741,0.0076,1.0141,0.1282,0.1026,0.7692,-0.0264,1.5009
cx,Christmas Island,0.0663,0.9323,0.0,0.4632,0.4589,0.0675,0.0097,0.0,3,91.89,0.0,1.6903,0.0265,2.7272,0.0,0.0,1.0,0.1751,2.0
cc,Cocos (Keeling) Islands,0.0939,0.9029,0.0012,0.0,0.9029,0.0959,0.0,0.0,3,41.89,0.0012,0.8182,0.024,1.1863,0.0866,0.126,0.7874,0.1018,2.0
co,Colombia,0.7512,0.2488,0.2488,0.2488,0.0,0.5023,0.0,0.0,3,85.82,0.2488,1.536,0.0093,1.5,1.0,0.0,0.0,1.0,1.5009
km,Comoros,0.4612,0.5385,0.1561,0.2189,0.2178,0.2189,0.1869,0.0,5,82.68,0.1561,2.5063,0.0272,3.0306,0.6,0.0,0.4,0.5035,1.6667
ck,Cook Islands,0.1109,0.8891,0.0939,0.7809,0.0,0.0,0.1162,0.0,4,79.44,0.0939,1.5305,0.0551,0.8113,0.3333,0.1333,0.5333,-0.0119,2.0
cr,Costa Rica,0.4714,0.5284,0.2993,0.3403,0.0035,0.0037,0.3465,0.0,3,79.69,0.2993,1.8787,0.0407,1.5306,1.0,0.0,0.0,0.9537,1.6667
hr,Croatia,0.5079,0.4914,0.3508,0.3457,0.0005,0.0025,0.2933,0.0002,3,75.92,0.351,2.114,0.0377,2.5,1.0,0.0,0.0,0.9967,2.0
cu,Cuba,0.2941,0.7053,0.2013,0.4868,0.0,0.0,0.3094,0.0,3,72.18,0.2013,1.6409,0.0294,2.1556,0.6667,0.0,0.3333,0.5525,2.0
cw,Curaçao,0.1237,0.8716,0.0,0.8595,0.0,0.1268,0.013,0.0,2,93.28,0.0,0.7371,0.0137,1.5919,1.0,0.0,0.0,0.8303,1.5009
cy,Cyprus,0.8556,0.1444,0.0,0.0,0.0175,0.0,0.8623,0.0,3,51.76,0.0,0.9293,0.0224,0.9934,0.1972,0.1127,0.6901,0.6464,1.5009
cz,Czechia,0.5993,0.3995,0.3732,0.2504,0.0,0.0,0.3732,0.0,3,62.11,0.3732,1.6449,0.0055,2.1738,0.5,0.0,0.5,0.3974,1.5009
cd,DR Congo,0.3265,0.6732,0.1992,0.6692,0.004,0.1259,0.0,0.0,3,70.45,0.1992,1.4808,0.0273,2.9056,0.0,0.0,1.0,-0.0655,1.3333
dk,Denmark,1.0,0.0,0.7682,0.0,0.0,0.0,0.2318,0.0,2,51.99,0.7682,0.8878,0.0126,1.9363,0.5,0.5,0.0,0.4852,1.3223
dj,Djibouti,0.0212,0.9788,0.0148,0.3573,0.3547,0.0,0.2717,0.0,3,50.46,0.0148,1.8135,0.0126,2.4238,0.3333,0.0,0.6667,-0.1687,1.5009
dm,Dominica,0.2078,0.7916,0.0803,0.004,0.657,0.0843,0.0835,0.075,5,99.9,0.1553,1.9329,0.0319,2.75,0.5714,0.4286,0.0,0.979,2.0
do,Dominican Republic,0.4968,0.5031,0.3517,0.3523,0.0065,0.0004,0.2839,0.0,3,74.32,0.3517,1.8999,0.0226,3.375,0.5,0.5,0.0,0.9367,1.5009
ec,Ecuador,0.7553,0.2394,0.263,0.2277,0.0097,0.4837,0.0015,0.0,5,76.97,0.263,2.2778,0.0321,2.1556,1.0,0.0,0.0,0.9846,1.5009
eg,Egypt,1.0,0.0,0.3333,0.0,0.0,0.0249,0.2992,0.3286,3,99.99,0.6619,2.0004,0.023,2.25,1.0,0.0,0.0,0.9997,1.5009
sv,El Salvador,0.0149,0.9849,0.0002,0.6749,0.0086,0.007,0.2977,0.0,3,60.23,0.0002,1.4322,0.03,1.75,1.0,0.0,0.0,0.9967,1.7738
gq,Equatorial Guinea,0.4159,0.5841,0.3051,0.1255,0.3091,0.0021,0.2328,0.0,5,69.31,0.3051,2.3091,0.0205,2.9835,1.0,0.0,0.0,0.5834,1.5009
er,Eritrea,0.5016,0.4969,0.445,0.2484,0.2484,0.0451,0.0,0.0,4,76.37,0.445,2.1722,0.0373,2.75,0.0,0.0,1.0,-0.0687,2.0
ee,Estonia,0.0,1.0,0.0,0.3333,0.0,0.0,0.3333,0.3284,3,100.0,0.3284,1.6587,0.0097,2.0,1.0,0.0,0.0,1.0,1.5717
sz,Eswatini,0.5488,0.4505,0.3313,0.3894,0.0,0.1312,0.0588,0.0607,6,98.94,0.392,2.56,0.0567,2.0,1.0,0.0,0.0,0.1873,1.5009
et,Ethiopia,0.547,0.4473,0.2976,0.1456,0.3016,0.2506,0.0,0.0,4,81.84,0.2976,2.3137,0.0329,2.75,1.0,0.0,0.0,0.9944,2.0
fk,Falkland Islands,0.1526,0.847,0.0985,0.7431,0.004,0.012,0.0902,0.0,7,79.25,0.0985,2.2594,0.0617,1.875,0.1538,0.1923,0.6538,-0.0528,2.0
fo,Faroe Islands,0.5214,0.4786,0.2038,0.1871,0.0,0.0,0.6091,0.0,3,52.25,0.2038,1.5402,0.025,1.9363,0.5,0.5,0.0,0.4192,1.3746
fj,Fiji,0.1676,0.8323,0.1301,0.7276,0.0093,0.0111,0.1009,0.0043,6,80.05,0.1344,2.1261,0.0646,1.75,0.3333,0.3333,0.3333,0.0083,2.0
fi,Finland,0.0,1.0,0.0,0.3955,0.0,0.0,0.6022,0.0,2,72.99,0.0,1.0886,0.0137,1.8113,0.5,0.5,0.0,0.4922,1.636
fr,France,0.5,0.5,0.3344,0.3344,0.0,0.0,0.3312,0.0,3,78.93,0.3344,1.6361,0.0062,2.0,0.0,1.0,0.0,0.9303,1.5009
gf,French Guiana,0.5087,0.4913,0.0203,0.0,0.4913,0.4874,0.0,0.0,3,70.17,0.0203,1.2118,0.0092,2.0079,0.0,0.0,1.0,0.0193,1.5009
pf,French Polynesia,0.963,0.037,0.5208,0.0209,0.0,0.0,0.4202,0.0,5,68.14,0.5208,1.7192,0.0354,1.75,1.0,0.0,0.0,0.9733,1.5009
tf,French Southern and Antarctic Lands,0.0905,0.9095,0.0801,0.8042,0.0,0.0,0.1143,0.0,3,57.93,0.0801,1.1537,0.0202,2.0919,0.25,0.625,0.125,-0.1738,1.5009
ga,Gabon,0.3333,0.6667,0.0,0.3333,0.3333,0.3333,0.0,0.0,3,64.09,0.0,1.585,0.0083,2.0,1.0,0.0,0.0,1.0,1.3333
gm,Gambia,0.3737,0.6263,0.3333,0.2254,0.3333,0.0,0.1033,0.0,4,76.62,0.3333,2.0118,0.0187,2.0,1.0,0.0,0.0,1.0,1.5009
ge,Georgia,1.0,0.0,0.3673,0.0,0.0,0.0,0.63,0.0,2,45.81,0.3673,1.1751,0.0238,2.0,0.5,0.5,0.0,1.0,1.5009
de,Germany,1.0,0.0,0.3333,0.0,0.0,0.3333,0.0,0.3333,3,82.42,0.6666,1.585,0.0155,2.0,1.0,0.0,0.0,1.0,1.6667
gh,Ghana,0.6585,0.3415,0.3333,0.0,0.3333,0.308,0.0,0.0238,4,82.83,0.3571,1.8428,0.014,2.5,1.0,0.0,0.0,1.0,1.5009
gi,Gibraltar,1.0,0.0,0.422,0.0,0.0,0.0058,0.5409,0.0222,5,99.51,0.4442,1.7719,0.0358,2.5,1.0,0.0,0.0,0.9974,2.0
gr,Greece,0.0,1.0,0.0,0.5732,0.0,0.0,0.4238,0.0,2,52.19,0.0,1.303,0.0365,1.3716,0.8889,0.1111,0.0,0.498,1.5009
gl,Greenland,1.0,0.0,0.4998,0.0,0.0,0.0,0.4959,0.0,2,51.99,0.4998,1.1566,0.0121,2.2988,1.0,0.0,0.0,0.4354,1.5009
gd,Grenada,0.7164,0.2829,0.4053,0.0,0.2829,0.3079,0.0,0.0,4,62.79,0.4053,1.9784,0.0326,2.25,0.5,0.0,0.5,0.9675,1.6667
gp,Guadeloupe,0.3799,0.6162,0.0,0.281,0.0362,0.1942,0.0,0.4841,4,94.42,0.4841,2.3668,0.0615,2.875,0.5,0.0,0.5,0.8376,1.5009
gu,Guam,0.1621,0.8365,0.1531,0.828,0.0061,0.0047,0.0009,0.0,3,64.48,0.1531,1.3364,0.0338,1.5,0.5,0.5,0.0,0.9544,1.8648
gt,Guatemala,0.0169,0.9829,0.0015,0.6688,0.0166,0.0092,0.2965,0.0,4,46.19,0.0015,1.4155,0.0226,1.5,0.0,1.0,0.0,0.9685,1.6
gg,Guernsey,1.0,0.0,0.2911,0.0,0.0,0.0817,0.6205,0.0,3,58.4,0.2911,1.4001,0.0235,2.0,0.5,0.5,0.0,1.0,1.5009
gn,Guinea,0.6656,0.3344,0.3344,0.0,0.3344,0.3312,0.0,0.0,3,69.49,0.3344,1.6361,0.0062,2.0,0.0,1.0,0.0,0.9454,1.5009
gw,Guinea-Bissau,0.6623,0.3377,0.3196,0.0,0.3328,0.3328,0.0,0.0145,4,83.14,0.3341,1.7523,0.0112,2.5,0.5,0.5,0.0,0.0438,2.0
gy,Guyana,0.4488,0.5501,0.2156,0.0,0.5,0.1865,0.056,0.034,5,99.4,0.2496,2.1587,0.0343,2.5,0.0,0.0,1.0,-0.0655,1.6667
ht,Haiti,0.4879,0.5108,0.4231,0.4321,0.0316,0.0174,0.0808,0.0,4,73.01,0.4231,2.162,0.0389,1.8113,0.5,0.5,0.0,0.9833,1.6667
hm,Heard Island and McDonald Islands,0.1091,0.8909,0.0939,0.7983,0.0,0.0,0.1024,0.0,3,82.83,0.0939,1.3228,0.0429,1.0613,0.375,0.25,0.375,-0.0598,2.0
hn,Honduras,0.0,1.0,0.0,0.6853,0.0,0.0,0.314,0.0,2,29.56,0.0,1.0845,0.0176,1.0,1.0,0.0,0.0,1.0,2.0
hk,Hong Kong,1.0,0.0,0.9131,0.0,0.0,0.0,0.0815,0.0,2,46.45,0.9131,0.6977,0.0193,1.1216,0.1216,0.0946,0.7838,0.6689,1.5009
hu,Hungary,0.5047,0.4953,0.3312,0.0,0.3312,0.0,0.325,0.0,3,53.57,0.3312,1.6745,0.0124,2.0,1.0,0.0,0.0,1.0,2.0
is,Iceland,0.219,0.781,0.1851,0.6542,0.0,0.0,0.1546,0.0,3,56.76,0.1851,1.4045,0.0255,1.8113,0.5,0.5,0.0,0.4709,1.3889
in,India,0.4779,0.5221,0.3333,0.0289,0.3333,0.0,0.2971,0.0,4,79.57,0.3333,2.0308,0.0262,2.5,1.0,0.0,0.0,1.0,1.5009
id,Indonesia,1.0,0.0,0.5023,0.0,0.0,0.0,0.4977,0.0,2,45.81,0.5023,1.0384,0.0047,1.0,1.0,0.0,0.0,1.0,1.5009
ir,Iran,0.5149,0.4851,0.326,0.0,0.3132,0.0,0.3497,0.0,5,71.44,0.326,2.381,0.0562,2.25,1.0,0.0,0.0,0.9752,1.7505
iq,Iraq,0.9225,0.0775,0.3333,0.0,0.0277,0.0,0.3005,0.3286,4,100.0,0.6619,1.8984,0.0199,2.4528,1.0,0.0,0.0,0.9719,1.5009
ie,Ireland,0.5,0.5,0.0,0.0,0.3344,0.0,0.3312,0.0,3,54.65,0.0,1.6361,0.0062,2.0,0.0,1.0,0.0,0.7315,2.0
im,Isle of Man,1.0,0.0,0.9518,0.0,0.0,0.0052,0.0278,0.0001,3,49.2,0.9519,0.6351,0.0179,1.0141,0.1395,0.093,0.7674,0.3224,2.0
il,Israel,0.0,1.0,0.0,0.357,0.0,0.0,0.6332,0.0,3,64.16,0.0,1.2039,0.0264,1.5,1.0,0.0,0.0,1.0,1.3746
it,Italy,0.5,0.5,0.3344,0.0,0.3344,0.0,0.3312,0.0,3,70.85,0.3344,1.6298,0.0062,2.0,0.0,1.0,0.0,0.9999,1.5009
ci,Ivory Coast,0.5,0.5,0.0,0.0,0.3344,0.0,0.3312,0.0,3,53.57,0.0,1.6361,0.0062,2.0,0.0,1.0,0.0,0.8388,1.5009
jm,Jamaica,0.511,0.489,0.0,0.0,0.3301,0.3398,0.0,0.325,3,75.14,0.325,1.8229,0.0214,1.5,0.0,0.0,1.0,0.9999,2.0
jp,Japan,1.0,0.0,0.1894,0.0,0.0,0.0,0.809,0.0,2,54.58,0.1894,0.7994,0.0069,0.8113,0.1176,0.0392,0.8431,1.0,1.5009
je,Jersey,0.9993,0.0004,0.2581,0.0001,0.0,0.0177,0.7125,0.0,3,55.18,0.2581,1.403,0.0371,1.4056,0.0,0.0,1.0,0.9946,1.6667
jo,Jordan,0.47,0.53,0.2474,0.0,0.2805,0.0,0.1912,0.2754,4,99.99,0.5228,2.1249,0.014,3.0306,0.6667,0.0,0.3333,0.3986,2.0
kz,Kazakhstan,0.0631,0.9311,0.0,0.8991,0.0334,0.0704,0.0,0.0,2,50.08,0.0,1.0872,0.0468,1.875,0.1556,0.0889,0.7556,0.1935,2.0
ke,Kenya,0.5165,0.4835,0.3011,0.0,0.2896,0.0,0.0965,0.3008,4,99.84,0.6019,2.2209,0.0324,2.0,0.8,0.2,0.0,1.0,1.5009
ki,Kiribati,0.6821,0.3179,0.4477,0.2394,0.0,0.0667,0.2332,0.0,4,83.96,0.4477,2.5109,0.059,2.75,0.1731,0.0,0.8269,0.9879,2.0
xk,Kosovo,0.106,0.894,0.0,0.879,0.0,0.1036,0.0145,0.0,3,63.88,0.0,0.812,0.0147,1.4966,0.0659,0.1099,0.8242,0.8689,1.4011
kw,Kuwait,0.5004,0.4996,0.2906,0.0,0.2948,0.0,0.2438,0.1662,4,100.0,0.4568,2.0788,0.0153,2.6863,0.5,0.0,0.5,0.2463,2.0
kg,Kyrgyzstan,1.0,0.0,0.9163,0.0,0.0,0.0703,0.0,0.0,3,61.76,0.9163,1.02,0.0533,0.8113,0.1429,0.0238,0.8333,1.0,1.6667
la,Laos,0.5425,0.4523,0.4977,0.4146,0.0,0.0,0.0826,0.0,3,76.06,0.4977,1.426,0.0139,1.5,1.0,0.0,0.0,1.0,1.5009
lv,Latvia,1.0,0.0,0.8,0.0,0.0,0.0,0.2,0.0,2,57.55,0.8,0.7219,0.0126,1.0,1.0,0.0,0.0,1.0,2.0
lb,Lebanon,0.8734,0.1266,0.4977,0.0,0.0715,0.0,0.4245,0.0,3,70.77,0.4977,1.5257,0.0246,1.875,1.0,0.0,0.0,0.938,1.5009
ls,Lesotho,0.0,1.0,0.0,0.3005,0.3005,0.0,0.3626,0.0304,4,98.9,0.0304,1.8948,0.0226,2.5,1.0,0.0,0.0,0.991,1.5009
lr,Liberia,0.8327,0.1658,0.4817,0.0986,0.0,0.0,0.3969,0.0,4,76.38,0.4817,1.846,0.0579,1.5436,1.0,0.0,0.0,0.7518,1.9002
ly,Libya,0.5,0.5,0.25,0.0,0.25,0.0,0.0095,0.4871,3,72.44,0.7371,1.6512,0.0244,1.5,1.0,0.0,0.0,0.8086,2.0
li,Liechtenstein,0.5351,0.4649,0.5,0.4612,0.0,0.0258,0.0,0.0076,2,44.69,0.5076,1.4563,0.0173,1.2718,1.0,0.0,0.0,0.2797,1.6667
lt,Lithuania,0.6667,0.3333,0.3333,0.0,0.3333,0.3333,0.0,0.0,3,61.44,0.3333,1.585,0.0052,2.0,1.0,0.0,0.0,1.0,1.6667
lu,Luxembourg,0.5,0.5,0.3333,0.3333,0.0,0.0,0.3333,0.0,3,57.81,0.3333,1.585,0.0155,2.0,1.0,0.0,0.0,1.0,1.6667
mo,Macau,0.006,0.9931,0.0,0.0071,0.9273,0.0065,0.063,0.0,2,47.33,0.0,0.7564,0.0274,1.0613,0.1304,0.0435,0.8261,0.9999,1.5009
mg,Madagascar,0.5023,0.4977,0.3344,0.0,0.3328,0.0,0.3312,0.0,3,69.3,0.3344,1.6393,0.0062,2.25,0.5,0.5,0.0,-0.4632,1.5009
mw,Malawi,0.5416,0.4584,0.3929,0.0,0.3333,0.0,0.0,0.2726,3,72.53,0.6655,1.9279,0.0323,2.5,1.0,0.0,0.0,1.0,1.5009
my,Malaysia,0.6344,0.3651,0.3656,0.2427,0.0,0.0385,0.3344,0.0,4,97.75,0.3656,2.2988,0.0751,2.2806,1.0,0.0,0.0,0.2519,2.0
mv,Maldives,0.6727,0.3273,0.6641,0.0,0.3227,0.0,0.0127,0.0,2,70.61,0.6641,1.0971,0.0038,1.875,0.1724,0.069,0.7586,0.1484,1.5009
ml,Mali,0.6656,0.3344,0.3344,0.0,0.3344,0.3312,0.0,0.0,3,78.26,0.3344,1.6361,0.0062,2.0,0.0,1.0,0.0,0.77,1.5009
mt,Malta,1.0,0.0,0.5042,0.0,0.0,0.0,0.4845,0.0,2,50.83,0.5042,1.2048,0.0124,1.0,0.0,1.0,0.0,-0.9808,1.5009
mh,Marshall Islands,0.126,0.874,0.0002,0.7544,0.0,0.0,0.1334,0.0,3,66.53,0.0002,1.5667,0.0403,2.7335,0.0,0.0,1.0,0.2511,1.9002
mq,Martinique,0.401,0.599,0.252,0.0,0.3764,0.0,0.0,0.3717,3,74.73,0.6237,1.6449,0.0054,2.6022,0.5,0.0,0.5,0.5984,1.5009
mr,Mauritania,0.4491,0.5501,0.3991,0.0,0.5501,0.0514,0.0,0.0,3,72.95,0.3991,1.4218,0.0193,1.4056,1.0,0.0,0.0,1.0,1.5009
mu,Mauritius,0.5023,0.493,0.2488,0.2441,0.2488,0.2488,0.0,0.0,4,93.09,0.2488,2.0673,0.0186,2.0,1.0,0.0,0.0,1.0,1.5009
yt,Mayotte,0.6545,0.3455,0.0657,0.0391,0.0,0.0038,0.7372,0.014,7,78.68,0.0797,2.2497,0.0839,1.5488,0.1121,0.1121,0.7759,0.9053,1.5009
mx,Mexico,0.5112,0.477,0.3391,0.007,0.3349,0.0109,0.2779,0.0002,3,62.54,0.3393,2.3117,0.0266,2.5,0.0,1.0,0.0,0.9527,1.7505
fm,Micronesia,0.0,1.0,0.0,0.977,0.0,0.0,0.0212,0.0,2,24.77,0.0,0.2732,0.0092,0.0,0.1094,0.125,0.7656,0.9998,1.9002
md,Moldova,0.6539,0.3455,0.3432,0.3409,0.0016,0.2693,0.0,0.0086,5,79.93,0.3518,2.3023,0.0318,2.625,0.0,1.0,0.0,0.974,2.0
mc,Monaco,1.0,0.0,0.5,0.0,0.0,0.0,0.5,0.0,2,51.24,0.5,1.0,0.004,1.0,1.0,0.0,0.0,1.0,1.25
mn,Mongolia,0.6688,0.3312,0.5972,0.3312,0.0,0.0599,0.0,0.0,3,67.4,0.5972,1.4399,0.0202,1.6494,0.0889,0.1556,0.7556,0.0253,2.0
me,Montenegro,0.9907,0.0092,0.7605,0.0059,0.0031,0.2039,0.0,0.0,4,45.88,0.7605,1.6557,0.0495,1.2988,0.5,0.5,0.0,0.9651,2.0
ms,Montserrat,0.141,0.8587,0.1174,0.7755,0.0107,0.0012,0.0791,0.0,5,79.49,0.1174,1.9054,0.0508,1.875,0.3333,0.3333,0.3333,-0.0557,2.0
ma,Morocco,0.9709,0.0291,0.9697,0.0,0.0291,0.0,0.0,0.0,2,61.26,0.9697,0.3084,0.0117,0.8113,0.1429,0.0,0.8571,0.9998,1.5009
mz,Mozambique,0.6337,0.3663,0.1795,0.2711,0.0,0.2868,0.0453,0.2075,5,99.17,0.387,2.1044,0.031,3.1556,0.6667,0.0,0.3333,0.5882,1.5009
mm,Myanmar,0.7133,0.2867,0.314,0.0,0.2579,0.3276,0.0992,0.0,4,76.82,0.314,2.0667,0.017,2.75,0.6,0.0,0.4,1.0,1.5009
na,Namibia,0.3343,0.6651,0.279,0.2903,0.322,0.0287,0.076,0.0,5,82.91,0.279,2.3157,0.0302,2.6556,0.0,0.0,1.0,0.0001,1.5009
nr,Nauru,0.0893,0.9107,0.0,0.8921,0.0,0.0875,0.0194,0.0,3,88.53,0.0,0.7192,0.0187,1.4056,1.0,0.0,0.0,0.6475,2.0
np,Nepal,0.7194,0.27,0.3609,0.1369,0.0,0.0,0.0769,0.4155,4,99.89,0.7764,2.0204,0.0291,2.6085,0.375,0.125,0.5,-0.2347,0.8205
nl,Netherlands,0.5,0.5,0.3333,0.3333,0.0,0.0,0.3333,0.0,3,60.89,0.3333,1.6562,0.0093,2.0,1.0,0.0,0.0,1.0,1.5009
nc,New Caledonia,0.3882,0.6114,0.2252,0.2976,0.2986,0.1464,0.0,0.0248,5,91.11,0.25,2.348,0.0261,3.0306,1.0,0.0,0.0,0.2218,2.0
nz,New Zealand,0.1152,0.8848,0.1009,0.8103,0.0,0.0,0.0811,0.0,3,79.55,0.1009,1.2513,0.0412,0.8113,0.4545,0.1818,0.3636,-0.0925,2.0
ni,Nicaragua,0.0123,0.9864,0.0003,0.6724,0.0031,0.007,0.3149,0.0,3,54.56,0.0003,1.1641,0.0204,1.0,1.0,0.0,0.0,0.9994,1.6667
ne,Niger,0.5406,0.4594,0.3895,0.0,0.3321,0.0,0.2733,0.0,3,64.48,0.3895,1.676,0.0104,2.5,1.0,0.0,0.0,1.0,1.1662
ng,Nigeria,0.0,1.0,0.0,0.0,0.6688,0.0,0.3312,0.0,2,44.55,0.0,0.9673,0.0062,1.0,0.0,1.0,0.0,1.0,2.0
nu,Niue,0.9106,0.0892,0.0764,0.0805,0.0002,0.7588,0.0761,0.0,4,94.77,0.0764,1.4422,0.0396,0.8113,0.2632,0.1579,0.5789,-0.1149,2.0
nf,Norfolk Island,0.0,1.0,0.0,0.0,0.6999,0.0,0.2954,0.0,3,49.0,0.0,1.4539,0.0385,1.9528,0.0,0.5,0.5,0.922,2.0
kp,North Korea,0.6258,0.3742,0.5623,0.3375,0.0,0.0,0.0978,0.0,4,58.44,0.5623,1.6288,0.0348,1.75,1.0,0.0,0.0,0.5337,2.0
mk,North Macedonia,1.0,0.0,0.673,0.0,0.0,0.3155,0.0,0.0,2,61.63,0.673,1.4007,0.0422,1.5,0.3333,0.0,0.6667,0.9999,2.0
mp,Northern Mariana Islands,0.0413,0.9548,0.0128,0.8373,0.0135,0.0032,0.0569,0.0009,6,66.31,0.0137,2.0018,0.0563,2.0778,0.1071,0.119,0.7738,0.7205,2.0
no,Norway,0.7529,0.2471,0.6149,0.2038,0.0,0.0,0.1684,0.0,4,81.52,0.6149,1.5472,0.0253,1.8113,0.5,0.5,0.0,0.488,1.3746
om,Oman,0.7143,0.2857,0.5498,0.0,0.2219,0.0,0.2233,0.0,3,68.77,0.5498,1.7518,0.0121,3.375,1.0,0.0,0.0,0.4457,1.7505
pk,Pakistan,0.0,1.0,0.0,0.0,0.6877,0.0,0.31,0.0,2,69.55,0.0,1.0464,0.0129,2.3994,0.0,1.0,0.0,-0.37,1.5009
pw,Palau,0.1734,0.8252,0.0,0.8229,0.0024,0.175,0.0,0.0,2,76.68,0.0,0.7614,0.0067,1.5488,0.1026,0.0513,0.8462,0.4972,1.6
ps,Palestine,0.3594,0.6398,0.1674,0.0,0.2992,0.0003,0.2336,0.294,4,99.98,0.4614,2.0946,0.0136,2.8585,0.6667,0.0,0.3333,0.7119,2.0
pa,Panama,0.5007,0.4993,0.2655,0.2634,0.0,0.0,0.4668,0.0,3,79.99,0.2655,1.6675,0.016,1.5,0.5,0.5,0.0,-0.873,1.5009
pg,Papua New Guinea,1.0,0.0,0.4448,0.0,0.0,0.0531,0.014,0.48,4,97.54,0.9248,1.6435,0.0224,2.1085,0.0,0.0,1.0,0.0523,1.3333
py,Paraguay,0.4978,0.5022,0.3352,0.3352,0.0034,0.0006,0.3124,0.0009,3,65.37,0.3361,1.9276,0.0236,2.25,1.0,0.0,0.0,0.9949,1.8182
pe,Peru,1.0,0.0,0.6688,0.0,0.0,0.0,0.3312,0.0,2,49.76,0.6688,0.9736,0.0062,1.0,0.0,1.0,0.0,1.0,1.5009
ph,Philippines,0.526,0.474,0.392,0.3924,0.0,0.0398,0.1705,0.0,4,84.72,0.392,1.9568,0.0266,2.4238,0.3333,0.0,0.6667,-0.2551,2.0
pn,Pitcairn Islands,0.1604,0.8361,0.0942,0.716,0.0512,0.04,0.0775,0.0011,7,93.2,0.0953,2.2269,0.0696,1.7718,0.1667,0.2,0.6333,-0.0756,2.0
pl,Poland,1.0,0.0,0.5,0.0,0.0,0.0,0.5,0.0,2,48.55,0.5,1.0,0.005,1.0,1.0,0.0,0.0,1.0,1.6
pt,Portugal,0.6391,0.3584,0.5726,0.0053,0.3461,0.0534,0.0167,0.0,5,70.14,0.5726,1.904,0.0302,1.75,0.1299,0.1169,0.7532,0.149,1.5009
pr,Puerto Rico,0.6256,0.3738,0.4527,0.2701,0.0,0.0,0.2756,0.0,3,56.04,0.4527,1.7295,0.0191,2.5306,0.6667,0.0,0.3333,0.2197,1.5009
qa,Qatar,1.0,0.0,0.6664,0.0,0.0,0.0,0.3274,0.0,2,62.8,0.6664,1.1472,0.0132,1.5,1.0,0.0,0.0,-0.5046,2.5478
cg,Republic of the Congo,0.6656,0.3344,0.3312,0.0,0.3344,0.3312,0.0,0.0,3,70.55,0.3312,1.6616,0.0152,2.8278,0.0,0.0,1.0,-0.1256,1.5009
ro,Romania,0.6656,0.3344,0.3344,0.3312,0.0,0.3312,0.0,0.0,3,88.45,0.3344,1.6361,0.0062,2.0,0.0,1.0,0.0,0.9089,1.5009
ru,Russia,0.5,0.5,0.3333,0.3333,0.0,0.0,0.3333,0.0,3,65.19,0.3333,1.6562,0.0093,2.0,1.0,0.0,0.0,1.0,1.5009
rw,Rwanda,0.2601,0.739,0.0,0.4791,0.26,0.2612,0.0,0.0,3,61.49,0.0,1.8106,0.0252,2.2028,1.0,0.0,0.0,0.9776,1.5009
re,Réunion,0.3412,0.6515,0.2488,0.6461,0.0055,0.0998,0.0,0.0,3,86.09,0.2488,1.5828,0.0312,2.625,0.2857,0.2857,0.4286,0.9998,1.5009
bl,Saint Barthélemy,0.7245,0.2664,0.0476,0.0592,0.0024,0.083,0.7146,0.0013,8,74.12,0.0489,2.5604,0.0883,1.5488,0.144,0.096,0.76,0.9675,1.5009
sh,"Saint Helena, Ascension and Tristan da Cunha",0.1431,0.8565,0.0985,0.7778,0.0,0.0235,0.0784,0.0004,7,89.63,0.0989,1.7021,0.0462,1.5919,0.4545,0.1818,0.3636,-0.013,2.0
kn,Saint Kitts and Nevis,0.5846,0.4154,0.2782,0.0,0.2805,0.1128,0.0268,0.2933,5,98.97,0.5715,2.3439,0.0307,3.1556,0.0,0.0,1.0,0.0132,1.5009
lc,Saint Lucia,0.0748,0.9252,0.0,0.8637,0.0,0.0692,0.0283,0.0346,4,97.88,0.0346,0.9638,0.0163,1.5488,0.2,0.0,0.8,1.0,2.0
mf,Saint Martin,0.5,0.5,0.3344,0.3344,0.0,0.0,0.3312,0.0,3,78.93,0.3344,1.6361,0.0062,2.0,0.0,1.0,0.0,0.9303,1.5009
pm,Saint Pierre and Miquelon,0.3708,0.6275,0.0926,0.4635,0.0431,0.1844,0.1235,0.0558,8,95.7,0.1484,3.7776,0.1339,3.5778,0.1304,0.1196,0.75,-0.0095,1.5009
vc,Saint Vincent and the Grenadines,0.4377,0.5617,0.0,0.25,0.3117,0.4384,0.0,0.0,3,89.79,0.0,1.6641,0.0144,2.25,0.0,0.3333,0.6667,0.9148,1.5009
ws,Samoa,0.7557,0.2443,0.75,0.2421,0.0,0.0,0.0073,0.0,2,44.69,0.75,0.9468,0.0098,0.8113,0.5,0.5,0.0,-0.096,2.0
sm,San Marino,0.0774,0.9224,0.0,0.4587,0.0321,0.0282,0.4446,0.0037,7,70.41,0.0037,2.3105,0.0502,1.8113,1.0,0.0,0.0,0.9406,1.3333
sa,Saudi Arabia,0.0,1.0,0.0,0.0,0.9594,0.0,0.032,0.0,2,59.75,0.0,0.8319,0.0419,0.5436,0.1579,0.1842,0.6579,0.4889,1.5009
sn,Senegal,0.6437,0.356,0.3344,0.0,0.356,0.3098,0.0,0.0,3,69.82,0.3344,1.6852,0.0102,2.5,0.0,1.0,0.0,0.9992,1.5009
rs,Serbia,0.6032,0.3968,0.3483,0.2498,0.0001,0.0219,0.3412,0.0,6,65.09,0.3483,2.5345,0.0513,2.9528,1.0,0.0,0.0,0.6689,1.5009
sc,Seychelles,0.6,0.4,0.3344,0.1656,0.1677,0.1646,0.1615,0.0,5,83.54,0.3344,2.451,0.0224,3.875,0.25,0.0,0.75,0.0392,2.0
sl,Sierra Leone,0.0,1.0,0.0,0.3333,0.3333,0.0,0.3333,0.0,3,57.58,0.0,1.6562,0.0093,2.0,1.0,0.0,0.0,1.0,1.5009
sg,Singapore,1.0,0.0,0.4744,0.0,0.0,0.0,0.5229,0.0,2,45.38,0.4744,1.1795,0.0135,1.6494,1.0,0.0,0.0,0.8889,1.5009
sx,Sint Maarten,0.5083,0.4909,0.3998,0.4059,0.0012,0.0189,0.1603,0.0,4,64.69,0.3998,2.1529,0.0265,2.5488,0.0,0.0,1.0,-0.2646,1.5009
sk,Slovakia,0.5945,0.4054,0.3929,0.2694,0.0,0.0,0.3339,0.0,3,57.97,0.3929,1.8222,0.0216,2.625,1.0,0.0,0.0,0.7964,1.5009
si,Slovenia,0.4929,0.5064,0.3341,0.3439,0.0,0.0005,0.32,0.0,3,64.24,0.3341,1.8236,0.018,2.0,1.0,0.0,0.0,0.8612,2.0
sb,Solomon Islands,0.1,0.9,0.0,0.4252,0.4512,0.0975,0.0243,0.0,4,76.29,0.0,0.9063,0.023,2.0306,0.0,0.0,1.0,-0.051,2.0
so,Somalia,0.0,1.0,0.0,0.9577,0.0,0.0,0.0417,0.0,2,37.19,0.0,0.3371,0.0059,0.8113,0.2,0.0,0.8,1.0,1.5009
za,South Africa,0.3368,0.6632,0.2112,0.2112,0.3144,0.0547,0.1161,0.0892,6,99.15,0.3004,2.596,0.0263,2.875,0.3333,0.0,0.6667,-0.0305,1.5009
gs,South Georgia,0.1521,0.8461,0.0991,0.7304,0.0078,0.0155,0.0859,0.0093,6,78.62,0.1084,2.3312,0.0683,1.875,0.1562,0.1562,0.6875,-0.1253,2.0
kr,South Korea,0.4997,0.4984,0.0653,0.066,0.0,0.0,0.7781,0.0735,4,99.96,0.1388,1.4837,0.0328,1.0613,0.07,0.1,0.83,0.979,1.5009
ss,South Sudan,0.3098,0.6895,0.1939,0.2019,0.2619,0.0148,0.0716,0.2558,5,99.96,0.4497,2.5508,0.0288,3.1556,0.6,0.0,0.4,0.6702,2.0
es,Spain,0.9963,0.0035,0.5207,0.0027,0.0006,0.4525,0.0,0.0,3,53.42,0.5207,1.7108,0.0315,1.5306,1.0,0.0,0.0,0.8264,1.5009
lk,Sri Lanka,0.8955,0.1045,0.3246,0.1041,0.0,0.4518,0.0,0.003,4,64.27,0.3276,2.5928,0.0613,2.2806,0.2857,0.7143,0.0,0.4554,2.0
sd,Sudan,0.6415,0.3577,0.2947,0.0,0.167,0.0,0.2336,0.2943,4,99.97,0.589,2.091,0.0137,3.0306,0.6667,0.0,0.3333,0.634,2.0
sr,Suriname,0.5,0.5,0.3685,0.0,0.3991,0.0286,0.1925,0.0,4,64.19,0.3685,1.8202,0.0236,2.0,1.0,0.0,0.0,1.0,1.5009
sj,Svalbard and Jan Mayen,0.7529,0.2471,0.6149,0.2038,0.0,0.0,0.1684,0.0,4,81.52,0.6149,1.5472,0.0253,1.8113,0.5,0.5,0.0,0.488,1.3746
se,Sweden,0.3,0.7,0.0,0.7,0.0,0.3,0.0,0.0,2,70.29,0.0,0.8813,0.0138,1.4056,0.5,0.5,0.0,0.5238,1.6
ch,Switzerland,1.0,0.0,0.8008,0.0,0.0,0.0,0.1992,0.0,2,45.81,0.8008,0.7204,0.0077,0.8113,0.5,0.5,0.0,1.0,1.0
sy,Syria,0.1217,0.8783,0.0444,0.0,0.3333,0.0,0.2869,0.3286,4,100.0,0.373,1.9575,0.0191,2.25,1.0,0.0,0.0,1.0,1.5009
st,São Tomé and Príncipe,0.4501,0.5499,0.1234,0.0,0.5328,0.3089,0.0,0.0311,4,83.48,0.1545,1.746,0.0212,2.1556,1.0,0.0,0.0,0.5561,2.0
tw,Taiwan,0.7715,0.2261,0.7488,0.2185,0.0,0.0,0.0292,0.0,3,81.31,0.7488,1.1022,0.014,0.8113,0.3333,0.3333,0.3333,-0.0291,1.5009
tj,Tajikistan,0.5144,0.4856,0.2875,0.0,0.2875,0.0153,0.4077,0.0,3,65.56,0.2875,1.8376,0.0217,2.0,1.0,0.0,0.0,1.0,2.0
tz,Tanzania,0.1709,0.8257,0.0,0.2888,0.2923,0.1201,0.0,0.2962,4,82.93,0.2962,2.1056,0.021,2.3113,0.0,0.0,1.0,-0.0766,1.5009
th,Thailand,0.5035,0.4965,0.3333,0.3333,0.0,0.0,0.3239,0.0,3,72.16,0.3333,1.7273,0.0187,1.5,1.0,0.0,0.0,1.0,1.5009
tl,Timor-Leste,1.0,0.0,0.75,0.0,0.0,0.0802,0.0142,0.1478,4,98.5,0.8978,1.2652,0.0163,1.5488,0.0,0.0,1.0,-0.0025,2.0
tg,Togo,0.5332,0.4668,0.1972,0.0,0.4558,0.3207,0.0234,0.0,4,63.19,0.1972,1.8495,0.0214,3.125,1.0,0.0,0.0,0.7575,1.6194
tk,Tokelau,0.2795,0.7192,0.0,0.7129,0.001,0.2789,0.005,0.0,2,92.22,0.0,1.2314,0.0277,2.5218,0.6667,0.0,0.3333,0.4444,2.0
to,Tonga,1.0,0.0,0.8312,0.0,0.0,0.0,0.1676,0.0,2,54.56,0.8312,0.6941,0.0086,1.0613,0.25,0.75,0.0,-0.205,2.0
tt,Trinidad and Tobago,1.0,0.0,0.6949,0.0,0.0,0.0,0.0946,0.2009,3,98.59,0.8958,1.4669,0.0257,2.1556,0.0,0.0,1.0,-0.0,1.6667
tn,Tunisia,1.0,0.0,0.9083,0.0,0.0,0.0,0.0888,0.0,2,48.6,0.9083,0.6392,0.0138,1.0613,0.0926,0.0833,0.8241,0.7292,1.5009
tr,Turkey,1.0,0.0,0.9408,0.0,0.0,0.0,0.0567,0.0,2,48.1,0.9408,0.4783,0.0109,1.4238,0.1594,0.058,0.7826,-0.0433,1.5009
tm,Turkmenistan,0.1503,0.8492,0.1024,0.0,0.8367,0.03,0.0105,0.0,6,68.61,0.1024,1.6507,0.0532,2.4835,0.2239,0.0448,0.7313,-0.0344,1.5009
tc,Turks and Caicos Islands,0.1594,0.8403,0.0974,0.7601,0.008,0.0371,0.082,0.0003,4,85.59,0.0977,1.6604,0.0444,1.875,0.375,0.25,0.375,-0.0078,2.0
tv,Tuvalu,0.143,0.856,0.0939,0.7818,0.0069,0.0355,0.0766,0.0,5,93.51,0.0939,1.774,0.0514,1.9746,0.2857,0.2143,0.5,-0.0099,2.0
ug,Uganda,1.0,0.0,0.3108,0.0,0.0,0.3384,0.0363,0.3076,4,99.47,0.6184,2.0941,0.0311,1.8113,1.0,0.0,0.0,0.963,1.5009
ua,Ukraine,0.4977,0.5023,0.0,0.5023,0.0,0.4977,0.0,0.0,2,73.72,0.0,1.0384,0.0047,1.0,1.0,0.0,0.0,1.0,1.5009
ae,United Arab Emirates,0.4969,0.5031,0.25,0.0,0.2531,0.0,0.2438,0.2484,4,100.0,0.4984,2.0672,0.0122,2.3113,0.6667,0.3333,0.0,0.6336,2.0
gb,United Kingdom,0.5649,0.4351,0.3738,0.2952,0.0,0.0,0.3212,0.0,4,79.51,0.3738,1.996,0.0646,2.4056,0.2857,0.2857,0.4286,0.672,2.0
us,United States,0.69,0.31,0.4238,0.1924,0.0,0.0,0.3645,0.0,5,71.98,0.4238,2.3595,0.0765,1.9363,1.0,0.0,0.0,0.5056,1.9002
um,United States Minor Outlying Islands,0.69,0.31,0.4238,0.1924,0.0,0.0,0.3645,0.0,5,71.98,0.4238,2.3595,0.0765,1.9363,1.0,0.0,0.0,0.5056,1.9002
vi,United States Virgin Islands,0.7112,0.2887,0.0203,0.0656,0.0165,0.1604,0.6846,0.0034,7,80.79,0.0237,2.5455,0.1007,2.6494,0.0753,0.1505,0.7742,0.771,1.5009
uy,Uruguay,0.1187,0.8813,0.0,0.3705,0.0,0.0206,0.5738,0.0,4,83.63,0.0,1.767,0.051,1.3113,1.0,0.0,0.0,0.6995,1.5009
uz,Uzbekistan,0.0734,0.9266,0.05,0.3118,0.3188,0.0,0.3187,0.0,4,69.61,0.05,2.0055,0.0247,2.0,1.0,0.0,0.0,0.9695,2.0
vu,Vanuatu,0.5747,0.4253,0.3135,0.0,0.3134,0.106,0.0,0.263,4,81.57,0.5765,2.292,0.037,3.1556,0.4,0.0,0.6,0.0178,1.6667
va,Vatican City,1.0,0.0,0.0105,0.0,0.0,0.5316,0.427,0.0002,4,67.95,0.0107,1.8622,0.0374,1.7028,0.0,1.0,0.0,-0.076,1.0
ve,Venezuela,0.6732,0.3268,0.3333,0.323,0.0,0.3333,0.0095,0.0,3,90.54,0.3333,1.8253,0.0163,2.5,1.0,0.0,0.0,0.9998,1.5009
vn,Vietnam,1.0,0.0,0.9321,0.0,0.0,0.0664,0.0,0.0,2,57.77,0.9321,0.4581,0.0075,1.0613,0.2,0.0,0.8,1.0,1.5009
wf,Wallis and Futuna,0.9409,0.0591,0.8514,0.053,0.0,0.0,0.0927,0.0,3,77.84,0.8514,0.9199,0.0164,1.875,0.25,0.4167,0.3333,-0.0197,1.5009
eh,Western Sahara,0.3779,0.6221,0.1793,0.0,0.2992,0.0,0.2199,0.2943,4,99.94,0.4736,2.1745,0.0187,3.0306,0.6667,0.0,0.3333,0.5882,2.0
ye,Yemen,1.0,0.0,0.3333,0.0,0.0,0.0,0.3286,0.3286,3,100.0,0.6619,1.6562,0.0093,2.0,1.0,0.0,0.0,1.0,1.5009
zm,Zambia,0.1911,0.8085,0.0764,0.0,0.7468,0.0016,0.0,0.0764,4,69.11,0.1528,1.4429,0.014,2.125,0.4,0.4,0.2,-0.0037,1.5009
zw,Zimbabwe,0.6446,0.3554,0.2288,0.0,0.268,0.2443,0.1318,0.1092,5,99.76,0.338,2.7073,0.0509,2.2806,0.75,0.0,0.25,0.3151,2.0
ax,Åland Islands,0.4269,0.5731,0.1856,0.5671,0.006,0.2385,0.0,0.0,3,67.55,0.1856,1.5981,0.0281,1.8113,0.5,0.5,0.0,0.4862,1.5296
