Artist,Song,Decade,Year,Genres,Popularity,Duration (min),Explicit,Polarity,Subjectivity,Total Words,Lexical Richness (%),Words per Minute,Problem_Type
Elvis Presley,Jailhouse Rock,1950s,1958,"rockabilly, rock and roll",67,2.49,False,0.134,0.457,301,42.52,121.02,
Harry Belafonte,Banana Boat (Day-O),1950s,1956,calypso,70,3.16,False,-0.151,0.202,299,13.04,94.69,
Big Mama Thornton,Hound Dog,1950s,1989,"blues, classic blues, soul blues",55,3.02,False,-0.02,0.368,281,30.25,93.15,
The Chords,Sh-Boom,1950s,1954,doo-wop,43,2.46,False,0.212,0.618,327,23.24,133.18,
Peggy Lee,Fever,1950s,1988,"vocal jazz, swing music, big band, jazz",56,3.36,False,0.148,0.537,287,44.95,85.53,
Ritchie Valens,We Belong Together,1950s,1959,"doo-wop, rock and roll",71,1.94,False,0.3,1.0,64,40.62,32.93,
Paul Anka,Put Your Head on My Shoulder,1950s,1966,adult standards,59,2.58,False,0.256,0.462,143,41.96,55.33,
Chuck Berry,Johnny B. Goode,1950s,1959,"rockabilly, rock and roll",75,2.69,False,0.017,0.317,228,47.81,84.67,
The Flamingos,I Only Have Eyes for You,1950s,1959,doo-wop,73,3.38,False,0.218,0.79,196,32.65,58.0,
Chet Baker,I Fall In Love Too Easily,1950s,1956,"jazz, cool jazz, vocal jazz",69,3.36,False,0.284,0.567,78,34.62,23.23,
Thurston Harris,Little Bitty Pretty One,1950s,1959,doo-wop,51,2.38,False,-0.019,0.609,90,36.67,37.74,
The Chordettes,Mister Sandman,1950s,2012,doo-wop,42,2.4,False,0.386,0.843,184,40.22,76.67,
Elvis Presley,Heartbreak Hotel,1950s,1958,"rockabilly, rock and roll",57,2.17,False,-0.091,0.546,235,33.62,108.21,
The Isley Brothers,"Shout, Pts. 1 & 2",1950s,1959,"motown, quiet storm, soul, classic soul, funk, northern soul",60,4.53,False,0.124,0.503,631,17.91,139.2,
Billie Holiday,I'll Be Seeing You,1950s,1957,"jazz, vocal jazz, jazz blues, big band",71,3.53,False,0.285,0.552,146,34.93,41.41,
Ray Charles,I've Got a Woman,1950s,1957,"jazz blues, soul, soul blues, blues, classic soul, vocal jazz",70,2.86,False,0.467,0.562,244,29.1,85.38,
Louis Armstrong,Dream A Little Dream Of Me,1950s,1968,"jazz, swing music, big band, vocal jazz, jazz blues",69,3.28,False,0.037,0.517,166,42.77,50.6,
Elvis Presley,Hound Dog,1950s,1958,"rockabilly, rock and roll",68,2.32,False,0.0,0.0,248,12.9,107.09,
Ricky Nelson,Lonesome Town - 1990 Digital Remaster,1950s,1990,"rockabilly, doo-wop",50,2.26,False,-0.097,0.443,105,51.43,46.46,
The Poni-Tails,Born Too Late,1950s,1958,doo-wop,56,2.32,False,-0.121,0.567,136,36.76,58.7,
Ritchie Valens,Donna - Single Version,1950s,1959,"doo-wop, rock and roll",61,2.52,False,0.222,0.294,135,34.81,53.57,
Elvis Presley,Blue Suede Shoes,1950s,1956,"rockabilly, rock and roll",66,2.04,False,0.014,0.144,244,27.87,119.87,
Jerry Lee Lewis,Great Balls Of Fire,1950s,1961,"rockabilly, rock and roll, boogie-woogie",67,1.86,False,0.381,0.64,202,39.6,108.67,
Frank Sinatra,I've Got You Under My Skin - Remastered 1998,1950s,1956,"christmas, big band, adult standards, swing music, jazz, vocal jazz",70,3.73,False,0.181,0.4,235,36.17,63.0,
Connie Francis,Stupid Cupid,1950s,2005,schlager,52,2.23,False,-0.308,0.793,267,35.58,119.78,
Elvis Presley,Don't Be Cruel,1950s,1958,"rockabilly, rock and roll",55,2.09,False,-0.065,0.638,222,35.59,106.02,
Bobby Darin,Beyond the Sea,1950s,1959,"big band, adult standards, swing music, doo-wop",72,2.87,False,0.316,0.664,156,44.87,54.27,
Billie Holiday,Blue Moon,1950s,1956,"jazz, vocal jazz, jazz blues, big band",68,3.46,False,0.229,0.5,189,29.63,54.56,
Ritchie Valens,La Bamba - Single Version,1950s,1959,"doo-wop, rock and roll",66,2.12,False,0.0,0.0,130,18.46,61.32,
Chet Baker,My Funny Valentine,1950s,1956,"jazz, cool jazz, vocal jazz",66,2.35,False,0.034,0.545,71,70.42,30.18,
The Crew Cuts,Sh-Boom (Life Could Be a Dream),1950s,1953,doo-wop,52,2.82,False,0.252,0.657,342,21.93,121.46,
Bobby Vinton,Mr. Lonely,1950s,2004,"doo-wop, adult standards",55,2.69,False,0.019,0.644,124,40.32,46.1,
Ella Fitzgerald,Cheek To Cheek,1950s,1956,"vocal jazz, jazz, swing music, jazz blues, big band, christmas",65,5.89,False,0.216,0.392,238,30.67,40.42,
Frank Sinatra,Come Fly With Me - Remastered 1998,1950s,1958,"christmas, big band, adult standards, swing music, jazz, vocal jazz",68,3.32,False,0.536,0.751,238,34.03,71.69,
Ray Charles,"Hallelujah, I Love Her So",1950s,1957,"jazz blues, soul, soul blues, blues, classic soul, vocal jazz",65,2.59,False,0.154,0.446,275,34.55,106.11,
The Chordettes,Lollipop,1950s,2012,doo-wop,40,2.15,False,0.017,0.637,196,34.69,91.16,
Dinah Washington,What A Diff'rence A Day Made,1950s,1959,"vocal jazz, jazz, jazz blues",67,2.53,False,-0.007,0.48,95,68.42,37.53,
Dean Martin,That's Amore,1950s,1989,"christmas, adult standards, big band, swing music",53,3.14,False,0.185,0.336,246,32.52,78.4,
Frank Sinatra,My Funny Valentine,1950s,1954,"christmas, big band, adult standards, swing music, jazz, vocal jazz",61,2.51,False,-0.013,0.496,116,43.1,46.19,
The Five Satins,In The Still of the Night,1950s,1993,doo-wop,55,3.13,False,0.369,0.598,138,31.88,44.12,
Sarah Vaughan,Misty,1950s,1958,"vocal jazz, jazz",59,3.04,False,0.298,0.454,142,57.75,46.65,
Louis Prima,Just A Gigolo - Remastered,1950s,1991,"swing music, big band",50,4.72,False,-0.067,0.805,357,26.89,75.64,
Little Richard,Long Tall Sally (The Thing),1950s,1957,"rockabilly, rock and roll, doo-wop, boogie-woogie",63,2.12,False,0.226,0.246,182,31.32,85.7,
The Coasters,Down in Mexico,1950s,2005,"doo-wop, rock and roll",55,3.27,False,-0.041,0.409,302,43.05,92.23,
Muddy Waters,Mannish Boy,1950s,1977,"blues, classic blues, blues rock, jazz blues, soul blues, country blues",64,5.35,False,0.262,0.484,192,39.58,35.87,
Perry Como,Papa Loves Mambo,1950s,1975,"christmas, adult standards",59,2.7,False,0.119,0.469,229,27.95,84.76,
Bill Haley & His Comets,(We're Gonna) Rock Around The Clock,1950s,1955,"rockabilly, rock and roll, doo-wop",64,2.16,False,0.18,0.391,269,25.65,124.54,
Little Richard,Tutti Frutti,1950s,1957,"rockabilly, rock and roll, doo-wop, boogie-woogie",65,2.4,False,0.013,0.713,257,18.68,106.92,
Chet Baker,I Get Along Without You Very Well (Except Sometimes) - Vocal Version,1950s,1956,"jazz, cool jazz, vocal jazz",62,2.99,False,0.333,0.352,144,52.08,48.1,
Ray Charles,Mess Around,1950s,1957,"jazz blues, soul, soul blues, blues, classic soul, vocal jazz",60,2.67,False,-0.155,0.176,204,36.27,76.39,
Frankie Avalon,Venus - Bonus Track,1950s,2013,doo-wop,34,2.37,False,0.374,0.615,170,41.18,71.73,
Perry Como,Catch a Falling Star (with Mitchell Ayres and His Orchestra & The Ray Charles Singers),1950s,1975,"christmas, adult standards",57,2.5,False,0.478,0.678,242,22.73,96.8,
Buddy Holly,Everyday,1950s,1958,"rockabilly, rock and roll, doo-wop",63,2.15,False,0.311,0.634,144,29.17,66.91,
Tennessee Ernie Ford,Sixteen Tons,1950s,1997,"christian country, classic country",58,2.64,False,0.062,0.34,293,38.23,111.05,
Dion & The Belmonts,A Teenager In Love,1950s,1959,"doo-wop, rock and roll",64,2.64,False,0.197,0.575,241,29.88,91.37,
Ella Fitzgerald,Summertime,1950s,1958,"vocal jazz, jazz, swing music, jazz blues, big band, christmas",66,4.97,False,0.195,0.656,124,45.16,24.96,
The Fleetwoods,Mr. Blue,1950s,1993,"doo-wop, adult standards",50,2.42,False,0.081,0.338,201,40.8,83.1,
The Penguins,Earth Angel,1950s,1954,doo-wop,59,2.85,False,0.533,0.525,164,25.0,57.52,
Dean Martin,Volare (Nel Blu Di Pinto Di Blu) - Remastered 1998,1950s,1958,"christmas, adult standards, big band, swing music",67,3.03,False,0.425,0.694,189,59.26,62.38,
Nat King Cole,Unforgettable,1950s,1954,"christmas, adult standards, vocal jazz",72,3.2,False,0.671,0.879,93,48.39,29.07,
Sam Cooke,You Send Me - Mono,1950s,1958,"motown, soul, classic soul",60,2.76,False,0.421,0.712,209,19.14,75.72,
Ray Charles,"What'd I Say, Pt. 1 & 2",1950s,1959,"jazz blues, soul, soul blues, blues, classic soul, vocal jazz",61,5.12,False,0.385,0.526,560,16.25,109.43,
Chuck Berry,Roll Over Beethoven,1950s,1959,"rockabilly, rock and roll",61,2.41,False,-0.058,0.399,243,50.21,100.83,
Doris Day,Dream a Little Dream of Me (with Paul Weston & His Music From Hollywood),1950s,1957,"adult standards, big band",59,3.72,False,0.058,0.526,154,41.56,41.4,
Frank Sinatra,You Make Me Feel So Young - Remastered 1998,1950s,1956,"christmas, big band, adult standards, swing music, jazz, vocal jazz",68,2.96,False,0.247,0.516,263,25.1,88.85,
Little Richard,Lucille,1950s,1969,"rockabilly, rock and roll, doo-wop, boogie-woogie",57,2.4,False,0.299,0.402,163,36.2,68.0,
Barrett Strong,Money (That's What I Want),1950s,2012,"motown, northern soul, classic soul",39,2.67,False,0.325,0.564,277,20.58,103.7,
Nat King Cole,Smile,1950s,1961,"christmas, adult standards, vocal jazz",61,2.89,False,0.25,0.293,122,53.28,42.25,
Dion & The Belmonts,I Wonder Why,1950s,1959,"doo-wop, rock and roll",57,2.36,False,0.459,0.666,142,35.21,60.26,
The Platters,Only You (And You Alone),1950s,1966,doo-wop,49,2.77,False,0.229,0.855,121,36.36,43.61,
Tony Bennett,Rags to Riches,1950s,2012,"vocal jazz, christmas, big band, adult standards, jazz",42,2.79,False,0.189,0.6,139,53.24,49.85,
Little Richard,Rip It Up,1950s,1957,"rockabilly, rock and roll, doo-wop, boogie-woogie",55,2.36,False,0.23,0.497,351,21.08,148.94,
Paul Anka,Diana,1950s,1966,adult standards,53,2.34,False,0.292,0.608,184,44.57,78.56,
Frank Sinatra,Love Is Here To Stay - Remastered 1998,1950s,1956,"christmas, big band, adult standards, swing music, jazz, vocal jazz",63,2.71,False,0.225,0.592,144,34.72,53.14,
Billie Holiday,Strange Fruit,1950s,1957,"jazz, vocal jazz, jazz blues, big band",57,3.21,False,-0.024,0.367,91,60.44,28.31,
Ritchie Valens,"Come On, Let's Go",1950s,1959,"doo-wop, rock and roll",60,2.08,False,0.175,0.599,184,25.54,88.61,
Little Richard,"Good Golly, Miss Molly",1950s,2008,"rockabilly, rock and roll, doo-wop, boogie-woogie",47,2.14,False,0.465,0.611,183,33.88,85.36,
Chuck Berry,Sweet Little Sixteen,1950s,1958,"rockabilly, rock and roll",60,3.01,False,0.033,0.461,269,39.03,89.3,
Louis Prima,Pennies From Heaven,1950s,1957,"swing music, big band",64,2.36,False,0.15,0.591,238,39.92,100.8,
The Crests,16 Candles,1950s,1958,doo-wop,41,2.91,False,0.415,0.653,147,34.69,50.5,
Patsy Cline,Walkin' After Midnight,1950s,1996,classic country,54,2.6,False,0.5,0.6,166,36.14,63.94,
Johnny Cash,I Walk The Line - Single Version,1950s,1956,"classic country, outlaw country, country",43,2.72,False,0.25,0.521,191,40.84,70.22,
Bobby Darin,Dream Lover,1950s,2004,"big band, adult standards, swing music, doo-wop",58,2.51,False,0.368,0.768,277,27.44,110.28,
Louis Prima,Buona Sera - Remastered 1991,1950s,1991,"swing music, big band",48,3.12,False,0.046,0.415,225,26.22,72.12,
Johnny Mathis,Wonderful! Wonderful! (with Ray Conniff & His Orchestra & Chorus) - Single Version,1950s,2004,christmas,39,2.83,False,0.656,0.783,182,48.9,64.31,
Ella Fitzgerald,Blue Skies,1950s,1959,"vocal jazz, jazz, swing music, jazz blues, big band, christmas",59,3.77,False,0.301,0.445,102,45.1,27.04,
Neil Sedaka,Oh! Carol,1950s,2003,"doo-wop, adult standards",46,2.26,False,0.237,0.738,152,30.26,67.17,
Hank Williams,Lovesick Blues,1950s,1952,"classic country, honky tonk, traditional country, outlaw country, country, christian country",49,2.75,False,0.332,0.693,303,27.72,110.0,
Ruth Brown,I Don't Know,1950s,2003,"boogie-woogie, jazz blues, swing music, rockabilly, blues",53,2.9,False,0.145,0.428,221,33.03,76.32,
Ricky Nelson,A Teenager's Romance,1950s,2000,"rockabilly, doo-wop",48,2.35,False,0.133,0.432,165,31.52,70.33,
Ray Charles,I Can't Stop Loving You - 2024 Remaster,1950s,1962,"jazz blues, soul, soul blues, blues, classic soul, vocal jazz",63,4.27,False,0.09,0.506,235,25.96,55.04,
The Platters,My Prayer,1950s,1956,doo-wop,55,2.8,False,0.031,0.388,116,60.34,41.48,
Ella Fitzgerald,They Can't Take That Away From Me,1950s,1997,"vocal jazz, jazz, swing music, jazz blues, big band, christmas",54,4.67,False,0.3,0.571,317,20.5,67.93,
Jackie Wilson,Reet Petite,1950s,1958,"motown, northern soul, classic soul, soul, doo-wop",54,2.82,False,0.355,0.488,307,26.38,108.84,
Jo Stafford,You Belong To Me,1950s,2001,adult standards,55,3.21,False,0.214,0.429,130,43.85,40.51,
Gene Kelly,Good Morning,1950s,1952,musicals,41,4.24,False,0.549,0.566,198,40.4,46.69,
Hank Williams,"Hey, Good Lookin'",1950s,1998,"classic country, honky tonk, traditional country, outlaw country, country, christian country",49,2.9,False,0.272,0.524,177,55.37,60.93,
Aretha Franklin,Respect,1960s,1967,"soul, motown, classic soul, jazz blues",74,2.46,False,-0.215,0.533,368,22.28,149.59,
Dionne Warwick,Walk on By,1960s,1964,Unknown,67,2.97,False,0.008,0.205,279,22.58,93.87,
The Supremes,You Can't Hurry Love,1960s,1966,"motown, northern soul, classic soul, soul",71,2.8,False,0.316,0.636,401,25.69,143.27,
Martha Reeves & The Vandellas,Dancing In The Street,1960s,1965,"motown, northern soul, classic soul, soul",62,2.75,False,0.201,0.51,313,29.07,113.66,
Aretha Franklin,I Say a Little Prayer,1960s,1968,"soul, motown, classic soul, jazz blues",77,3.61,False,0.196,0.633,438,20.09,121.23,
Betty Everett,It's In The Kiss (The Shoop Shoop Song),1960s,2010,"northern soul, doo-wop, motown",52,2.16,False,0.392,0.396,299,19.73,138.26,
Lesley Gore,You Don't Own Me,1960s,1963,Unknown,70,2.5,False,0.338,0.643,230,26.09,92.0,
The Mamas & The Papas,California Dreamin' - Single Version,1960s,1966,folk rock,79,2.71,False,0.126,0.592,227,26.87,83.76,
Joni Mitchell,Both Sides Now,1960s,1969,"folk, folk rock, singer-songwriter",62,4.56,False,0.273,0.441,281,42.35,61.63,
Erma Franklin,Piece of My Heart,1960s,2009,"classic soul, northern soul, soul, motown",57,2.62,False,0.017,0.569,266,33.08,101.48,
The Turtles,Happy Together,1960s,1967,Unknown,76,2.94,False,0.491,0.823,282,25.18,95.98,
The Ronettes,Be My Baby,1960s,1964,christmas,81,2.68,False,0.079,0.859,267,25.84,99.56,
Ben E. King,Stand By Me,1960s,1962,Unknown,79,2.92,False,-0.156,0.613,163,33.13,55.73,
Marvin Gaye,Ain't No Mountain High Enough,1960s,1967,"motown, classic soul, soul, northern soul, quiet storm",84,2.53,False,0.019,0.463,296,32.09,117.1,
Frankie Valli,Can't Take My Eyes off You,1960s,1967,Unknown,80,3.39,False,0.291,0.587,290,28.97,85.43,
Ray Charles,Hit the Road Jack,1960s,2021,"jazz blues, soul, soul blues, blues, classic soul, vocal jazz",69,2.0,False,-0.145,0.344,368,19.02,184.18,
Frank Sinatra,Somethin' Stupid,1960s,1967,"christmas, big band, adult standards, swing music, jazz, vocal jazz",79,2.71,False,0.097,0.516,229,42.79,84.56,
Elvis Presley,Can't Help Falling in Love,1960s,1961,"rockabilly, rock and roll",82,3.1,False,0.418,0.68,117,38.46,37.77,
Nancy Sinatra,These Boots Are Made for Walkin',1960s,1987,Unknown,53,2.71,False,0.426,0.501,197,41.62,72.58,
The Animals,House of the Rising Sun,1960s,1987,classic rock,80,4.5,False,0.035,0.543,161,48.45,35.79,
Paul Anka,Put Your Head On My Shoulder,1960s,2000,adult standards,69,2.58,False,0.256,0.462,143,41.96,55.45,
Frank Sinatra,My Way,1960s,1969,"christmas, big band, adult standards, swing music, jazz, vocal jazz",78,4.61,False,0.245,0.537,252,48.41,54.62,
Stan Getz,The Girl From Ipanema,1960s,1964,"bossa nova, jazz, brazilian jazz, cool jazz, latin jazz",70,5.34,False,0.209,0.693,302,38.74,56.58,
The Beatles,Here Comes The Sun - Remastered 2009,1960s,1969,"classic rock, psychedelic rock",83,3.1,False,-0.148,0.499,166,21.69,53.55,
The Rolling Stones,"Paint It, Black",1960s,1966,"classic rock, rock",83,3.37,False,-0.042,0.377,340,32.65,100.86,
Roy Orbison,"Oh, Pretty Woman",1960s,1962,rockabilly,75,2.98,False,0.25,0.767,186,46.24,62.37,
Nat King Cole,L-O-V-E,1960s,1965,"christmas, adult standards, vocal jazz",75,2.59,False,0.353,0.64,158,29.75,61.04,
The Beach Boys,Wouldn't It Be Nice - Mono,1960s,1966,baroque pop,47,2.43,False,0.274,0.613,218,44.95,89.71,
The Beatles,Hey Jude - Remastered 2009,1960s,1973,"classic rock, psychedelic rock",58,7.19,False,0.054,0.631,362,27.62,50.35,
Frank Sinatra,Fly Me To The Moon (In Other Words),1960s,1962,"christmas, big band, adult standards, swing music, jazz, vocal jazz",74,2.45,False,0.109,0.487,103,42.72,42.04,
Etta James,I'd Rather Go Blind,1960s,1968,"soul, jazz blues, soul blues, blues, vocal jazz",78,2.61,False,0.054,0.539,166,43.37,63.58,
The Kinks,You Really Got Me,1960s,1964,"proto-punk, baroque pop",72,2.23,False,0.186,0.273,244,14.34,109.31,
Creedence Clearwater Revival,Fortunate Son,1960s,1969,"classic rock, southern rock, country rock",82,2.35,False,0.068,0.449,233,31.33,99.31,
The Beatles,Blackbird - Remastered 2009,1960s,1968,"classic rock, psychedelic rock",78,2.31,False,0.172,0.707,124,29.03,53.68,
Frank Sinatra,Strangers In The Night,1960s,1966,"christmas, big band, adult standards, swing music, jazz, vocal jazz",74,2.63,False,0.333,0.523,151,48.34,57.39,
The Righteous Brothers,Unchained Melody,1960s,1990,Unknown,63,3.6,False,0.174,0.532,124,35.48,34.4,
Neil Diamond,Sweet Caroline,1960s,1969,Unknown,77,3.39,False,0.466,0.641,150,50.0,44.21,
Nancy Sinatra,Bang Bang,1960s,2021,Unknown,67,2.69,False,-0.401,0.678,337,64.39,125.29,
The Beatles,Twist And Shout - Remastered 2009,1960s,1963,"classic rock, psychedelic rock",75,2.59,False,0.112,0.514,292,14.38,112.74,
The Beach Boys,Surfin' U.S.A. - Remastered 2001,1960s,1963,baroque pop,69,2.49,False,-0.007,0.092,208,43.75,83.55,
Skeeter Davis,The End of the World,1960s,1994,Unknown,66,2.63,False,0.3,0.385,164,38.41,62.45,
Chuck Berry,You Never Can Tell,1960s,1964,"rockabilly, rock and roll",71,2.7,False,0.09,0.301,240,42.08,88.94,
Tom Jones,It's Not Unusual,1960s,1965,Unknown,71,2.0,False,0.038,0.833,153,43.79,76.63,
The Beatles,Yesterday - Remastered 2009,1960s,1965,"classic rock, psychedelic rock",77,2.09,False,0.01,0.596,133,46.62,63.5,
The Doors,People Are Strange,1960s,1967,"psychedelic rock, classic rock, acid rock",73,2.17,False,-0.111,0.253,154,20.78,70.98,
Gerry & The Pacemakers,You'll Never Walk Alone - Stereo; 1997 Remaster,1960s,1963,Unknown,55,2.74,False,0.012,0.598,95,45.26,34.67,
The Foundations,Build Me Up Buttercup - Mono,1960s,1967,Unknown,75,3.0,False,-0.071,0.547,431,20.42,143.67,
The Rolling Stones,Sympathy For The Devil - 50th Anniversary Edition,1960s,1968,"classic rock, rock",74,6.3,False,-0.01,0.537,486,33.33,77.14,
Nina Simone,I Put A Spell On You,1960s,1965,"vocal jazz, jazz blues, soul, soul jazz, jazz, blues",70,2.58,False,0.391,0.528,124,36.29,47.99,
Elvis Presley,Suspicious Minds,1960s,1969,"rockabilly, rock and roll",75,4.39,False,0.335,0.414,337,24.04,76.84,
David Bowie,Space Oddity - 2015 Remaster,1960s,1969,"glam rock, art rock",74,5.3,False,0.066,0.448,224,50.45,42.26,
Dusty Springfield,Spooky,1960s,1968,Unknown,71,2.74,False,-0.002,0.61,199,50.75,72.73,
The Rolling Stones,(I Can't Get No) Satisfaction - Mono,1960s,1971,"classic rock, rock",53,3.71,False,0.089,0.247,295,25.76,79.51,
The Temptations,My Girl,1960s,1965,"motown, classic soul, soul",80,2.75,False,-0.133,0.417,208,34.13,75.64,
James Brown & The Famous Flames,I Got You (I Feel Good),1960s,1966,Unknown,69,2.76,False,0.561,0.813,201,18.41,72.74,
The Zombies,Time of the Season - Mono Remastered,1960s,1968,"baroque pop, psychedelic rock",70,3.51,False,0.279,0.626,182,29.67,51.85,
Lesley Gore,It's My Party,1960s,1963,Unknown,63,2.33,False,0.1,0.075,261,27.2,111.86,
Dean Martin,Everybody Loves Somebody,1960s,2014,"christmas, adult standards, big band, swing music",44,2.74,False,0.433,0.433,152,42.11,55.46,
The Beach Boys,I Get Around (Mono),1960s,1964,baroque pop,65,2.24,False,-0.054,0.451,335,26.27,149.57,
Etta James,At Last,1960s,1960,"soul, jazz blues, soul blues, blues, vocal jazz",77,2.99,False,0.22,0.31,100,57.0,33.39,
Louis Armstrong,What A Wonderful World,1960s,1968,"jazz, swing music, big band, vocal jazz, jazz blues",78,2.32,False,0.414,0.564,125,56.0,53.87,
Bob Dylan,Like a Rolling Stone,1960s,1965,"folk rock, folk, singer-songwriter, roots rock, country rock",73,6.2,False,0.169,0.581,420,43.1,67.79,
Led Zeppelin,Whole Lotta Love - 1990 Remaster,1960s,1969,"classic rock, rock, hard rock, rock and roll",77,5.56,False,0.346,0.496,303,20.46,54.5,
The Jackson 5,Who's Lovin' You,1960s,1969,"motown, christmas",64,3.93,False,-0.12,0.623,230,30.87,58.56,
Nina Simone,Sinnerman,1960s,1965,"vocal jazz, jazz blues, soul, soul jazz, jazz, blues",63,10.37,False,-0.294,0.289,550,12.0,53.05,
Harry Belafonte,Jump in the Line,1960s,1961,calypso,69,3.7,False,0.261,0.44,463,19.87,125.3,
Van Morrison,Brown Eyed Girl,1960s,1967,Unknown,78,3.11,False,-0.088,0.394,200,50.0,64.32,
Bobby Hebb,Sunny,1960s,1966,"northern soul, classic soul",66,2.75,False,0.387,0.529,234,35.9,85.06,
Janis Joplin,Maybe,1960s,1969,"classic rock, acid rock, psychedelic rock",59,3.7,False,-0.009,0.343,157,45.86,42.47,
Etta James,A Sunday Kind Of Love,1960s,1960,"soul, jazz blues, soul blues, blues, vocal jazz",72,3.27,False,0.393,0.653,194,41.75,59.35,
Bob Dylan,Blowin' in the Wind,1960s,1963,"folk rock, folk, singer-songwriter, roots rock, country rock",70,2.81,False,0.432,0.499,189,39.15,67.2,
Shocking Blue,Venus,1960s,2011,nederpop,47,3.13,False,0.042,0.656,150,33.33,47.99,
Santana,Black Magic Woman,1960s,2007,Unknown,62,3.26,False,0.055,0.557,127,38.58,38.9,
Chubby Checker,Let's Twist Again,1960s,1961,rock and roll,68,2.29,False,0.047,0.266,231,32.9,100.9,
Etta James,Something's Got A Hold On Me,1960s,2011,"soul, jazz blues, soul blues, blues, vocal jazz",68,2.83,False,0.345,0.535,389,25.96,137.5,
The Doors,Break on Through (To the Other Side),1960s,1967,"psychedelic rock, classic rock, acid rock",71,2.43,False,-0.03,0.421,187,34.76,76.92,
Nico,These Days,1960s,1967,"proto-punk, art rock",66,3.51,False,0.012,0.343,168,46.43,47.85,
The Trashmen,Surfin' Bird,1960s,1987,"surf rock, proto-punk",55,2.29,False,0.0,0.0,465,5.59,203.45,
Paul Anka,Puppy Love - Remix,1960s,2000,adult standards,41,2.73,False,0.281,0.431,167,41.92,61.17,
The Beach Boys,God Only Knows - Mono,1960s,1966,baroque pop,62,2.88,False,0.107,0.872,230,22.17,79.75,
Steppenwolf,Born To Be Wild - Single Version,1960s,1968,"classic rock, acid rock",75,3.55,False,0.209,0.506,190,36.84,53.52,
Simon & Garfunkel,"Mrs. Robinson - From ""The Graduate"" Soundtrack",1960s,1968,"folk rock, folk",74,4.12,False,0.175,0.5,298,36.91,72.33,
Stevie Wonder,For Once In My Life,1960s,1968,"motown, classic soul, soul",72,2.83,False,0.268,0.538,296,23.65,104.59,
The Four Seasons,Beggin',1960s,1967,Unknown,54,2.84,False,0.236,0.668,230,41.74,80.88,
The Doors,Light My Fire,1960s,1967,"psychedelic rock, classic rock, acid rock",70,7.16,False,0.336,0.7,209,23.92,29.18,
The Crystals,Then He Kissed Me,1960s,2011,"doo-wop, motown",61,2.65,False,0.508,0.713,228,39.47,86.12,
Carla Thomas,"B-A-B-Y (From ""Baby Driver"")",1960s,2017,"soul, classic soul, motown, northern soul",32,2.89,False,0.248,0.618,222,30.18,76.82,
The Archies,Sugar Sugar,1960s,1969,Unknown,64,2.79,False,0.121,0.604,238,24.37,85.4,
Otis Redding,(Sittin' On) the Dock of the Bay,1960s,1968,"motown, soul, classic soul, soul blues",60,2.78,False,0.027,0.15,203,42.86,73.01,
The Rolling Stones,You Can't Always Get What You Want,1960s,1969,"classic rock, rock",69,7.48,False,0.048,0.642,484,25.41,64.72,
Buffalo Springfield,For What It's Worth,1960s,1966,"folk rock, country rock",78,2.56,False,0.161,0.453,212,46.7,82.76,
The Moody Blues,Nights In White Satin - Single Version,1960s,2014,"progressive rock, art rock, blues, psychedelic rock, baroque pop",50,4.43,False,0.441,0.529,175,33.14,39.53,
Elvis Presley,Viva Las Vegas,1960s,1968,"rockabilly, rock and roll",60,2.4,False,0.289,0.519,252,54.76,104.8,
Jimi Hendrix,All Along the Watchtower,1960s,1997,"psychedelic rock, classic rock, acid rock, blues rock",54,3.98,False,0.097,0.55,162,66.05,40.73,
The Rolling Stones,Gimme Shelter,1960s,1969,"classic rock, rock",77,4.51,False,0.095,0.5,246,23.98,54.51,
Roy Orbison,In Dreams,1960s,1963,rockabilly,60,2.82,False,0.107,0.731,135,57.78,47.88,
Bob Dylan,The Times They Are A-Changin',1960s,1964,"folk rock, folk, singer-songwriter, roots rock, country rock",68,3.28,False,0.08,0.231,258,50.39,78.57,
The Velvet Underground,Sunday Morning,1960s,1967,"proto-punk, art rock",64,2.93,False,-0.206,0.475,131,39.69,44.69,
The Beach Boys,Don't Worry Baby - Remastered 2001,1960s,1964,baroque pop,65,2.83,False,0.114,0.56,250,35.6,88.34,
Etta James,I Just Want To Make Love To You - Single Version,1960s,1960,"soul, jazz blues, soul blues, blues, vocal jazz",64,3.09,False,0.304,0.597,267,23.22,86.41,
ABBA,Gimme! Gimme! Gimme! (A Man After Midnight),1970s,1979,Unknown,82,4.88,False,-0.026,0.501,313,27.16,64.18,
"Earth, Wind & Fire",September,1970s,2014,"funk, disco",65,3.58,False,0.282,0.604,265,29.81,73.93,
Bruce Springsteen,Born to Run,1970s,1975,Unknown,73,4.5,False,0.053,0.374,367,51.77,81.58,
Elvis Presley,Burning Love,1970s,1973,"rockabilly, rock and roll",76,2.86,False,0.399,0.595,281,30.96,98.29,
ABBA,Voulez-Vous,1970s,1979,Unknown,72,5.15,False,0.082,0.365,369,23.85,71.61,
Rod Stewart,Da Ya Think I'm Sexy?,1970s,1978,soft rock,75,5.52,False,0.084,0.444,381,34.38,68.99,
The Cure,Boys Don't Cry,1970s,1979,"new wave, post-punk, gothic rock, darkwave",80,2.6,False,0.216,0.419,212,41.04,81.55,
Billy Joel,Vienna,1970s,1977,soft rock,84,3.57,False,-0.01,0.568,309,38.83,86.54,
Gilbert O'Sullivan,Alone Again (Naturally),1970s,1972,Unknown,72,3.69,False,0.075,0.467,292,59.59,79.14,
ABBA,Mamma Mia,1970s,1975,Unknown,79,3.55,False,0.039,0.413,334,32.04,93.97,
Candi Staton,Young Hearts Run Free,1970s,1976,Unknown,71,4.14,False,0.311,0.573,422,27.49,101.95,
KISS,I Was Made For Lovin' You,1970s,1979,"glam rock, glam metal, hard rock, rock, classic rock",85,4.52,False,0.064,0.514,354,16.1,78.31,
Fleetwood Mac,The Chain - 2004 Remaster,1970s,1977,"classic rock, yacht rock, soft rock",87,4.5,False,0.181,0.578,268,16.79,59.51,
Blondie,Heart Of Glass,1970s,2006,Unknown,66,4.2,False,0.168,0.623,210,40.48,49.96,
Michael Jackson,Rock with You - Single Version,1970s,1979,Unknown,82,3.67,False,0.233,0.578,279,29.03,76.12,
Olivia Newton-John,Hopelessly Devoted To You - From “Grease”,1970s,1978,Unknown,77,3.09,False,0.229,0.479,163,39.88,52.75,
Bee Gees,More Than A Woman,1970s,1977,disco,53,3.27,False,0.408,0.539,302,37.75,92.24,
TOTO,Hold the Line,1970s,2014,"yacht rock, soft rock",53,3.94,False,0.44,0.56,315,14.29,80.05,
"Earth, Wind & Fire",Boogie Wonderland (with The Emotions),1970s,1979,"funk, disco",80,4.81,False,0.22,0.684,470,18.94,97.71,
Bob Dylan,Knockin' On Heaven's Door,1970s,1973,"folk rock, folk, singer-songwriter, roots rock, country rock",82,2.5,False,-0.134,0.384,136,32.35,54.44,
David Bowie,Starman - 2012 Remaster,1970s,1972,"glam rock, art rock",80,4.24,False,0.196,0.461,389,30.85,91.75,
Fleetwood Mac,Dreams - 2004 Remaster,1970s,1977,"classic rock, yacht rock, soft rock",89,4.3,False,0.077,0.766,267,31.84,62.09,
Michael Jackson,Don't Stop 'Til You Get Enough,1970s,1979,Unknown,80,6.07,False,0.142,0.543,786,12.72,129.4,
ABBA,Dancing Queen,1970s,1976,Unknown,85,3.84,False,0.169,0.58,219,38.36,57.03,
Electric Light Orchestra,Mr. Blue Sky,1970s,1977,"art rock, soft rock",80,5.06,False,0.048,0.425,304,35.53,60.04,
John Travolta,You're The One That I Want - From “Grease”,1970s,1978,musicals,79,2.83,False,0.305,0.579,389,19.02,137.46,
The Police,Message In A Bottle,1970s,1979,Unknown,78,4.84,False,0.241,0.577,356,26.97,73.58,
Bob Marley & The Wailers,Is This Love,1970s,1978,"reggae, roots reggae",79,3.87,False,0.362,0.521,323,18.27,83.46,
ABBA,Angeleyes,1970s,1979,Unknown,70,4.35,False,-0.006,0.417,382,29.84,87.85,
Bee Gees,Stayin' Alive,1970s,1977,disco,72,1.55,False,0.147,0.437,444,20.95,286.86,
Baccara,"Yes Sir, I Can Boogie",1970s,1998,disco,65,4.56,False,-0.021,0.559,278,26.98,60.91,
The Police,Roxanne,1970s,1978,Unknown,79,3.2,False,0.177,0.374,303,22.11,94.71,
10cc,I'm Not In Love,1970s,1975,"yacht rock, art rock, glam rock",79,6.11,False,-0.008,0.474,261,28.74,42.71,
Boney M.,Sunny,1970s,1976,disco,70,4.04,False,0.393,0.537,239,33.89,59.2,
Queen,Somebody To Love - Remastered 2011,1970s,1976,"classic rock, rock, glam rock",76,4.94,False,0.286,0.548,443,26.41,89.65,
Cass Elliot,Make Your Own Kind Of Music,1970s,1973,Unknown,69,2.33,False,0.479,0.84,169,39.05,72.67,
The Jackson 5,I Want You Back,1970s,1969,"motown, christmas",78,2.94,False,0.123,0.347,382,29.06,129.98,
Talking Heads,Psycho Killer,1970s,1977,"new wave, post-punk",80,4.34,False,0.188,0.574,244,36.89,56.2,
Elton John,Don't Go Breaking My Heart,1970s,1975,Unknown,80,4.59,False,0.154,0.564,389,17.99,84.74,
Queen,Don't Stop Me Now - Remastered 2011,1970s,1978,"classic rock, rock, glam rock",83,3.49,False,0.515,0.589,463,25.27,132.66,
Redbone,Come and Get Your Love - Single Version,1970s,1973,native american music,81,3.43,False,0.47,0.583,403,17.62,117.49,
Creedence Clearwater Revival,Have You Ever Seen The Rain,1970s,1970,"classic rock, southern rock, country rock",86,2.67,False,-0.136,0.485,158,39.87,59.2,
Billy Joel,Piano Man,1970s,1973,soft rock,85,5.65,False,0.194,0.485,385,44.42,68.14,
Donna Summer,Hot Stuff,1970s,1979,"disco, hi-nrg",70,5.25,False,0.273,0.78,344,21.8,65.57,
Queen,Bohemian Rhapsody - Remastered 2011,1970s,1975,"classic rock, rock, glam rock",82,5.91,False,0.039,0.469,384,41.15,65.03,
Dire Straits,Sultans Of Swing,1970s,1978,classic rock,84,5.81,False,0.123,0.41,286,54.55,49.25,
Bee Gees,"Stayin' Alive - From ""Saturday Night Fever"" Soundtrack",1970s,1979,disco,80,4.76,False,0.147,0.437,444,20.95,93.28,
AC/DC,Highway to Hell,1970s,1979,"rock, hard rock, classic rock, rock and roll",86,3.47,False,-0.001,0.509,218,35.78,62.85,
The Buggles,Video Killed The Radio Star,1970s,1980,Unknown,64,4.23,False,-0.113,0.131,324,29.01,76.6,
Queen,Killer Queen - Remastered 2011,1970s,1974,"classic rock, rock, glam rock",49,2.99,False,0.144,0.51,219,52.97,73.16,
Aerosmith,Dream On,1970s,1973,"classic rock, rock",84,4.46,False,0.364,0.472,277,30.32,62.11,
Pink Floyd,"Another Brick in the Wall, Pt. 2",1970s,1979,"progressive rock, psychedelic rock, classic rock, art rock, rock",81,3.98,False,-0.329,0.725,199,24.62,49.97,
David Bowie,Heroes - 2017 Remaster,1970s,1977,"glam rock, art rock",76,6.19,False,0.016,0.416,268,29.1,43.3,
Rupert Holmes,Escape (The Pina Colada Song),1970s,1979,yacht rock,75,4.61,False,0.12,0.438,398,34.67,86.37,
Gary Glitter,Rock 'n' Roll (Part 2),1970s,1973,glam rock,62,3.22,False,0.128,0.516,321,26.79,99.66,
Bobby Caldwell,What You Won't Do for Love,1970s,1978,yacht rock,73,4.77,False,0.279,0.588,242,27.69,50.68,
Blondie,One Way Or Another - Remastered 2001,1970s,1978,Unknown,73,3.59,False,0.148,0.233,534,12.92,148.75,
Eagles,Hotel California - 2013 Remaster,1970s,1976,"classic rock, yacht rock, soft rock",85,6.52,False,0.0,0.0,236,70.76,36.18,
Bill Withers,Ain't No Sunshine,1970s,1971,soul,83,2.11,False,-0.09,0.6,183,23.5,86.83,
John Lennon,Imagine - Remastered 2010,1970s,1971,christmas,78,3.13,False,0.04,0.711,140,47.14,44.73,
The Jacksons,Blame It on the Boogie,1970s,1978,"disco, motown, philly soul",72,3.59,False,0.399,0.599,505,21.39,140.72,
Supertramp,Breakfast In America - Remastered 2010,1970s,1979,"progressive rock, classic rock",74,2.66,False,0.143,0.6,185,38.38,69.55,
Don McLean,American Pie,1970s,1971,Unknown,79,8.61,False,0.153,0.459,947,34.53,109.93,
Bob Marley & The Wailers,Jamming,1970s,1977,"reggae, roots reggae",76,3.52,False,0.288,0.481,378,29.89,107.49,
Edison Lighthouse,Love Grows (Where My Rosemary Goes),1970s,1970,Unknown,73,2.91,False,0.274,0.679,240,34.58,82.4,
Frankie Valli,Grease - From “Grease”,1970s,1978,Unknown,61,3.43,False,0.187,0.702,364,25.55,106.12,
Pink Floyd,Wish You Were Here,1970s,2001,"progressive rock, psychedelic rock, classic rock, art rock, rock",50,5.35,False,0.035,0.491,143,62.94,26.72,
John Travolta,Summer Nights - From “Grease”,1970s,1978,musicals,72,3.62,False,0.268,0.542,428,36.45,118.23,
Boney M.,Daddy Cool,1970s,1994,disco,54,3.43,False,0.075,0.657,121,15.7,35.23,
Carpenters,(They Long To Be) Close To You,1970s,1970,"christmas, adult standards",70,4.57,False,0.033,0.391,214,28.5,46.87,
Gerry Rafferty,Right Down the Line,1970s,1978,yacht rock,75,4.46,False,0.154,0.543,262,40.84,58.71,
Bee Gees,You Should Be Dancing,1970s,2009,disco,62,4.27,False,0.145,0.245,227,18.5,53.11,
Blue Swede,Hooked On A Feeling,1970s,1974,Unknown,74,2.88,False,0.331,0.546,246,32.11,85.38,
Elton John,Goodbye Yellow Brick Road - Remastered 2014,1970s,1973,Unknown,77,3.21,False,0.004,0.216,252,44.44,78.5,
Iggy Pop,The Passenger,1970s,1977,"proto-punk, glam rock",73,4.72,False,0.392,0.481,396,20.71,83.85,
Lynyrd Skynyrd,Free Bird,1970s,1973,"southern rock, classic rock, rock",57,9.32,False,0.255,0.592,184,37.5,19.75,
Bee Gees,Tragedy,1970s,1979,disco,70,5.06,False,0.003,0.503,446,16.14,88.22,
Boston,More Than a Feeling,1970s,1976,"classic rock, aor",80,4.75,False,0.276,0.449,226,34.07,47.56,
Queen,Crazy Little Thing Called Love - Remastered 2011,1970s,1980,"classic rock, rock, glam rock",78,2.72,False,0.027,0.609,239,30.96,87.77,
America,A Horse with No Name,1970s,1972,"yacht rock, soft rock, folk rock",81,4.2,False,0.282,0.548,377,29.71,89.68,
Boney M.,Ma Baker,1970s,1977,disco,67,4.6,False,0.051,0.411,445,33.26,96.71,
Elton John,"Rocket Man (I Think It's Going To Be A Long, Long Time)",1970s,1972,Unknown,83,4.69,False,-0.05,0.43,401,22.94,85.44,
Bob Marley & The Wailers,Three Little Birds,1970s,1977,"reggae, roots reggae",79,3.0,False,0.051,0.5,221,20.36,73.56,
Cheryl Lynn,Got to Be Real,1970s,1978,"disco, post-disco",69,5.13,False,0.35,0.458,312,11.22,60.79,
AC/DC,T.N.T.,1970s,1976,"rock, hard rock, classic rock, rock and roll",81,3.58,False,0.106,0.389,211,34.6,58.86,
TOTO,Georgy Porgy,1970s,1978,"yacht rock, soft rock",70,4.13,False,0.077,0.823,539,11.87,130.62,
CHIC,Le Freak - 2018 Remaster,1970s,1978,"disco, funk",69,5.52,False,0.308,0.433,384,24.22,69.57,
Kansas,Dust in the Wind,1970s,1977,"classic rock, progressive rock, aor",78,3.44,False,-0.006,0.519,134,46.27,38.98,
The Police,Can't Stand Losing You,1970s,1978,Unknown,66,2.98,False,0.062,0.396,430,22.56,144.33,
Wings,Live And Let Die,1970s,1978,Unknown,49,3.23,False,0.105,0.485,144,32.64,44.57,
Barry Manilow,Copacabana (At the Copa),1970s,2006,"yacht rock, adult standards",70,3.95,False,0.225,0.471,301,41.53,76.28,
Patrick Hernandez,Born to Be Alive - The Original,1970s,1978,"disco, hi-nrg",74,3.14,False,0.123,0.4,241,21.58,76.75,
Led Zeppelin,Stairway to Heaven - Remaster,1970s,1971,"classic rock, rock, hard rock, rock and roll",81,8.05,False,0.098,0.412,360,44.72,44.72,
Supertramp,The Logical Song - Remastered 2010,1970s,1979,"progressive rock, classic rock",77,4.19,False,0.113,0.658,252,46.43,60.14,
War,Low Rider,1970s,1975,Unknown,72,3.18,False,-0.045,0.411,88,43.18,27.67,
Chaka Khan,I'm Every Woman,1970s,1996,Unknown,54,4.16,False,0.214,0.45,346,28.03,83.17,
Carly Simon,You're So Vain,1970s,1972,Unknown,76,4.31,False,0.107,0.636,378,29.89,87.77,
The Beatles,Let It Be - Remastered 2009,1970s,1970,"classic rock, psychedelic rock",79,4.05,False,0.221,0.459,267,23.6,65.93,
Stevie Wonder,Superstition,1970s,1972,"motown, classic soul, soul",71,4.44,False,0.071,0.448,162,41.98,36.52,
Bruce Springsteen,Born in the U.S.A.,1980s,1984,Unknown,76,4.66,False,0.009,0.296,266,43.98,57.04,
Belinda Carlisle,"Heaven Is a Place on Earth - Promo 7"" Edit",1980s,1987,Unknown,76,3.89,False,0.202,0.435,305,28.52,78.32,
Kim Carnes,Bette Davis Eyes,1980s,1981,Unknown,80,3.8,False,0.286,0.529,262,32.06,68.95,
George Michael,Father Figure - Remastered,1980s,1987,Unknown,72,5.61,False,0.324,0.549,463,29.59,82.53,
Madonna,Material Girl - 2024 Remaster,1980s,1985,Unknown,65,4.04,False,0.102,0.595,351,25.07,86.9,
Cher,If I Could Turn Back Time,1980s,1989,Unknown,72,4.0,False,0.07,0.336,387,23.51,96.82,
The Police,Every Breath You Take,1980s,1983,Unknown,92,4.23,False,-0.2,0.486,383,18.8,90.5,
Diana Ross,I'm Coming Out,1980s,1980,"motown, disco",72,5.39,False,0.367,0.533,406,19.21,75.34,
Michael Sembello,"Maniac - From ""Flashdance""",1980s,2025,Unknown,74,4.1,False,-0.075,0.775,312,35.26,76.1,
ABBA,The Winner Takes It All,1980s,1980,Unknown,85,4.91,False,-0.178,0.437,331,44.41,67.39,
Bronski Beat,Smalltown Boy,1980s,1984,"synthpop, hi-nrg",78,5.04,False,-0.086,0.655,358,19.55,71.03,
Elton John,I'm Still Standing,1980s,1983,Unknown,84,3.06,False,0.113,0.523,326,31.9,106.63,
Daryl Hall & John Oates,Maneater,1980s,1982,"yacht rock, soft rock",83,4.55,False,0.167,0.614,357,27.73,78.41,
Michael Jackson,The Way You Make Me Feel - 2012 Remaster,1980s,2012,Unknown,72,4.97,False,0.155,0.513,620,18.39,124.75,
ABBA,Lay All Your Love On Me,1980s,1980,Unknown,80,4.57,False,0.26,0.584,264,39.39,57.71,
Gipsy Kings,Bamboléo,1980s,1987,flamenco,70,3.39,False,0.0,0.0,208,30.77,61.38,
Phil Collins,Another Day in Paradise - 2016 Remaster,1980s,1989,soft rock,82,5.37,False,0.02,0.5,339,25.07,63.13,
Depeche Mode,Enjoy the Silence,1980s,1998,"new wave, synthpop, darkwave",76,4.25,False,-0.216,0.814,142,40.14,33.39,
Madonna,Like a Prayer,1980s,1989,Unknown,74,5.68,False,-0.141,0.39,586,15.02,103.15,
Tears For Fears,Everybody Wants To Rule The World,1980s,1985,"new wave, synthpop",88,4.19,False,0.242,0.418,170,54.71,40.56,
Bob Marley & The Wailers,Could You Be Loved,1980s,1980,"reggae, roots reggae",83,3.95,False,0.516,0.747,330,29.09,83.54,
a-ha,Take on Me,1980s,1985,"new wave, synthpop",87,3.75,False,0.056,0.625,213,30.99,56.73,
The Outfield,Your Love,1980s,1998,Unknown,76,3.7,False,0.34,0.571,289,35.29,78.16,
Cutting Crew,(I Just) Died In Your Arms,1980s,1986,Unknown,81,4.67,False,0.257,0.713,328,35.98,70.19,
Kate Bush,Running Up That Hill (A Deal With God),1980s,1985,"art pop, baroque pop, art rock",86,4.98,False,-0.094,0.887,417,21.34,83.7,
Sade,Smooth Operator - Single Version,1980s,1994,Unknown,82,4.31,False,0.283,0.478,211,49.76,48.96,
Billy Idol,Eyes Without A Face - Remastered 1999,1980s,2001,Unknown,64,4.96,False,0.026,0.49,318,42.14,64.11,
Technotronic,Pump Up The Jam,1980s,1989,"eurodance, hip house, dance",73,5.34,False,0.156,0.5,586,8.7,109.77,
Crowded House,Don't Dream It's Over,1980s,1986,Unknown,76,3.97,False,0.494,0.412,269,35.32,67.77,
The Clash,Should I Stay or Should I Go - Remastered,1980s,1982,punk,81,3.15,False,0.143,0.33,349,33.52,110.79,
Blondie,Call Me,1980s,2004,Unknown,76,3.54,False,0.362,0.602,418,24.4,118.18,
Guns N' Roses,Sweet Child O' Mine,1980s,1987,"rock, glam metal, hard rock, classic rock",88,5.93,False,0.272,0.563,297,28.62,50.05,
The Smiths,There Is a Light That Never Goes Out - 2011 Remaster,1980s,1986,"new wave, madchester, jangle pop",84,4.08,False,0.217,0.501,331,28.1,81.13,
U2,With Or Without You,1980s,1987,rock,82,4.93,False,0.285,0.4,193,34.2,39.19,
Madonna,La Isla Bonita,1980s,1986,Unknown,75,4.05,False,0.148,0.45,340,32.65,84.04,
Michael Jackson,Bad - 2012 Remaster,1980s,2012,Unknown,67,4.12,False,-0.512,0.634,613,19.74,148.79,
Stevie Wonder,Part-Time Lover,1980s,1985,"motown, classic soul, soul",73,4.21,False,0.011,0.555,283,40.28,67.23,
Limahl,Never Ending Story,1980s,2009,synthpop,69,3.54,False,-0.006,0.618,129,48.84,36.48,
Fleetwood Mac,Everywhere - 2017 Remaster,1980s,1987,"classic rock, yacht rock, soft rock",84,3.78,False,0.373,0.5,218,25.69,57.67,
George Michael,Careless Whisper - Remastered,1980s,2024,Unknown,80,5.06,False,0.091,0.649,347,34.87,68.6,
Michael Jackson,P.Y.T. (Pretty Young Thing),1980s,1982,Unknown,77,3.97,False,0.333,0.683,499,23.85,125.62,
The Cure,Just Like Heaven - Remastered 2006,1980s,1987,"new wave, post-punk, gothic rock, darkwave",77,3.53,False,0.115,0.562,204,50.0,57.79,
Alphaville,Forever Young,1980s,1984,synthpop,83,3.78,False,0.101,0.443,282,41.84,74.63,
Queen,Under Pressure - Remastered 2011,1980s,1982,"classic rock, rock, glam rock",82,4.14,False,0.342,0.519,327,38.84,78.99,
"Earth, Wind & Fire",Let's Groove,1980s,1981,"funk, disco",80,5.65,False,0.077,0.39,591,17.09,104.6,
Michael Jackson,Beat It,1980s,2008,Unknown,76,4.3,False,0.103,0.563,465,20.0,108.12,
"Grover Washington, Jr.",Just the Two of Us (feat. Bill Withers),1980s,1979,"soul jazz, smooth jazz",63,7.31,False,0.122,0.39,504,17.86,68.96,
Eurythmics,Sweet Dreams (Are Made of This) - 2005 Remaster,1980s,1983,"new wave, synthpop",85,3.62,False,0.35,0.65,278,14.39,76.8,
Bonnie Tyler,"Holding Out for a Hero - From ""Footloose"" Soundtrack",1980s,1986,Unknown,75,5.81,False,0.275,0.597,552,20.47,95.01,
Foreigner,I Want to Know What Love Is - 1999 Remaster,1980s,1984,"aor, classic rock",85,5.08,False,0.307,0.601,379,25.59,74.61,
Spandau Ballet,Gold - 2003 Remaster,1980s,1983,"new wave, synthpop",68,4.85,False,0.247,0.632,323,32.51,66.6,
Sting,Englishman In New York,1980s,1987,soft rock,75,4.45,False,0.017,0.525,366,29.23,82.17,
Generation X,Dancing With Myself - Uptown Mix,1980s,1981,Unknown,66,6.0,False,-0.001,0.549,392,21.94,65.33,
Bonnie Tyler,Total Eclipse of the Heart,1980s,2009,Unknown,81,4.46,False,0.171,0.661,694,19.31,155.75,
Bon Jovi,Livin' On A Prayer,1980s,1986,"glam metal, rock",81,4.15,False,0.055,0.578,327,29.05,78.7,
TOTO,Africa,1980s,1982,"yacht rock, soft rock",86,4.92,False,0.054,0.354,307,36.81,62.38,
Men At Work,Down Under,1980s,1981,Unknown,80,3.71,False,0.246,0.402,339,25.66,91.49,
Billy Joel,Uptown Girl,1980s,1983,soft rock,83,3.3,False,0.244,0.606,297,31.99,89.87,
Laura Branigan,Self Control,1980s,1984,Unknown,79,4.11,False,0.199,0.509,451,20.62,109.8,
Dead Or Alive,You Spin Me Round (Like a Record),1980s,2003,"hi-nrg, synthpop",72,3.25,False,0.025,0.452,370,17.84,113.76,
Berlin,"Take My Breath Away - Love Theme from ""Top Gun""",1980s,1999,Unknown,74,4.26,False,0.051,0.613,192,38.54,45.07,
Guns N' Roses,Welcome To The Jungle,1980s,1987,"rock, glam metal, hard rock, classic rock",84,4.56,True,0.342,0.653,337,32.05,73.94,
Bryan Adams,Heaven,1980s,1984,Unknown,83,4.06,False,0.074,0.524,306,35.62,75.44,
ABBA,Super Trouper,1980s,1980,Unknown,75,4.21,False,0.001,0.512,451,24.61,107.02,
Modern Talking,Brother Louie,1980s,1986,"europop, italo disco, eurodance",76,3.71,False,0.199,0.709,311,27.33,83.8,
Cyndi Lauper,Time After Time,1980s,2014,Unknown,71,4.05,False,-0.036,0.45,283,28.98,69.86,
Soft Cell,Tainted Love,1980s,1981,"synthpop, new wave",79,2.56,False,0.37,0.57,247,35.22,96.36,
Queen,Another One Bites The Dust - Remastered 2011,1980s,1980,"classic rock, rock, glam rock",82,3.58,False,0.184,0.537,347,30.55,96.99,
The Cure,Lovesong - Remastered,1980s,1989,"new wave, post-punk, gothic rock, darkwave",72,3.47,False,0.348,0.611,157,21.02,45.24,
Tiffany,I Think We're Alone Now,1980s,1987,Unknown,76,3.81,False,0.2,0.682,390,18.72,102.25,
The Bangles,Walk Like an Egyptian,1980s,1985,jangle pop,61,3.41,False,-0.036,0.236,238,48.74,69.81,
Opus,Live Is Life - Live,1980s,1997,Unknown,58,4.24,False,0.303,0.406,285,20.7,67.16,
AC/DC,Back In Black,1980s,1980,"rock, hard rock, classic rock, rock and roll",85,4.27,False,-0.006,0.125,308,32.14,72.19,
Phil Collins,In The Air Tonight - 2015 Remastered,1980s,1981,soft rock,81,5.61,False,0.283,0.467,370,24.32,65.95,
Scorpions,Still Loving You - 2015 - Remaster,1980s,1984,"hard rock, glam metal, rock",63,6.48,False,0.391,0.579,314,25.8,48.46,
Paul McCartney,Say Say Say - Remastered 2015,1980s,1983,Unknown,68,3.93,False,0.141,0.518,313,31.63,79.64,
Pet Shop Boys,Always on My Mind,1980s,1998,"synthpop, new wave",74,3.92,False,0.305,0.664,259,23.94,66.15,
The Stranglers,Golden Brown,1980s,1981,"proto-punk, new wave",82,3.45,False,0.232,0.485,145,34.48,42.08,
Bon Jovi,You Give Love A Bad Name,1980s,1986,"glam metal, rock",77,3.71,False,-0.1,0.574,302,25.83,81.36,
Modern Talking,Cheri Cheri Lady,1980s,1985,"europop, italo disco, eurodance",80,3.77,False,0.234,0.546,328,26.52,86.95,
Queen,Radio Ga Ga - Remastered 2011,1980s,1984,"classic rock, rock, glam rock",76,5.8,False,0.157,0.471,298,38.26,51.38,
Pet Shop Boys,West End Girls - 2018 Remaster,1980s,1986,"synthpop, new wave",76,4.77,False,-0.015,0.447,372,27.42,77.99,
Spandau Ballet,True - Single Edit,1980s,2008,"new wave, synthpop",70,5.49,False,0.283,0.564,406,20.2,73.95,
Whitesnake,Is This Love - 2018 Remaster,1980s,1987,"glam metal, glam rock, hard rock",73,4.74,False,0.393,0.538,309,33.66,65.17,
Journey,Don't Stop Believin',1980s,2001,"aor, classic rock",76,4.15,False,0.166,0.402,190,46.32,45.8,
Philip Bailey,Easy Lover,1980s,1985,yacht rock,69,5.08,False,0.24,0.634,456,17.98,89.85,
Madonna,Like a Virgin,1980s,1984,Unknown,71,3.64,False,0.222,0.498,240,40.42,65.87,
Joan Jett & the Blackhearts,I Love Rock 'N Roll,1980s,1981,rock,78,2.92,False,0.341,0.463,347,22.77,118.85,
Matthew Wilder,Break My Stride,1980s,1983,Unknown,74,3.07,False,-0.172,0.41,391,24.55,127.17,
Starship,Nothing's Gonna Stop Us Now,1980s,1987,Unknown,84,4.51,False,0.148,0.59,465,23.44,103.21,
Miami Sound Machine,Conga!,1980s,1985,Unknown,68,4.23,False,0.217,0.517,347,23.05,81.97,
Tracy Chapman,Fast Car,1980s,1988,Unknown,82,4.95,False,0.152,0.598,523,35.76,105.73,
Metallica,Master Of Puppets,1980s,1986,"metal, thrash metal, rock, heavy metal, hard rock",80,8.59,False,0.279,0.533,349,32.95,40.63,
Olivia Newton-John,Physical - Remastered 2021,1980s,2021,Unknown,65,3.77,False,0.033,0.262,311,26.69,82.57,
Dire Straits,Money For Nothing - Remastered 1996,1980s,1985,classic rock,77,8.42,True,0.321,0.772,580,19.48,68.88,
Culture Club,Karma Chameleon,1980s,1989,Unknown,64,4.04,False,0.151,0.435,340,21.47,84.23,
The Human League,Don't You Want Me,1980s,1981,"new wave, synthpop",79,3.95,False,0.144,0.458,412,26.7,104.34,
Cher,Believe,1990s,1998,Unknown,80,3.98,False,0.316,0.547,374,21.39,93.88,
The Goo Goo Dolls,Iris,1990s,1998,Unknown,93,4.83,False,-0.173,0.362,271,28.04,56.16,
The Cardigans,Lovefool,1990s,1996,swedish pop,83,3.23,False,0.388,0.586,309,26.54,95.59,
Oasis,Wonderwall - Remastered,1990s,1995,"britpop, madchester",72,4.31,False,0.257,0.398,314,27.07,72.85,
Madonna,Vogue,1990s,2009,Unknown,69,5.28,False,0.219,0.521,459,33.33,86.93,
Alanis Morissette,Ironic - 2015 Remaster,1990s,1995,Unknown,73,3.83,False,0.227,0.687,338,35.21,88.25,
Natalie Imbruglia,Torn,1990s,1997,Unknown,80,4.08,False,0.029,0.637,361,33.24,88.53,
Shania Twain,Man! I Feel Like A Woman!,1990s,1997,country,72,3.91,False,0.115,0.456,363,28.1,92.88,
Céline Dion,"Because You Loved Me (Theme from ""Up Close and Personal"")",1990s,1996,variété française,77,4.56,False,0.412,0.577,472,24.15,103.48,
Sinéad O'Connor,Nothing Compares 2 U,1990s,1990,Unknown,76,4.67,False,0.106,0.649,215,49.3,46.06,
Christina Aguilera,Genie In a Bottle,1990s,1999,Unknown,81,3.63,False,0.207,0.542,580,18.79,159.95,
Britney Spears,...Baby One More Time,1990s,1999,pop,83,3.52,False,0.411,0.629,332,21.08,94.38,
Paradisio,Bailando,1990s,1997,"eurodance, europop",69,3.82,False,0.0,0.0,194,21.13,50.76,
The Verve,Bitter Sweet Symphony - Remastered 2016,1990s,1997,"britpop, shoegaze",85,5.95,False,-0.045,0.435,492,18.7,82.69,
Daft Punk,Around the World,1990s,1997,"french house, electronic, electro",76,7.16,False,0.0,0.0,240,1.25,33.52,
Radiohead,Creep,1990s,1993,"art rock, alternative rock",92,3.98,True,0.579,0.743,187,35.83,47.02,
Crystal Waters,Gypsy Woman (She's Homeless) (La Da Dee La Da Da) - Basement Boy Strip To The Bone Mix,1990s,1991,Unknown,71,7.53,False,-0.137,0.496,319,36.99,42.36,
Gala,Freed From Desire,1990s,1997,eurodance,78,3.56,False,0.485,0.585,264,11.74,74.23,
Alice Deejay,Better Off Alone,1990s,2000,"eurodance, europop",80,3.58,False,0.5,0.5,111,9.91,30.99,
Chris Isaak,Wicked Game,1990s,1989,Unknown,85,4.82,False,0.15,0.745,295,21.02,61.23,
Santana,Maria Maria (feat. The Product G&B),1990s,1999,Unknown,73,4.37,False,0.234,0.389,405,35.31,92.76,
Supergrass,Alright - 2015 Remaster,1990s,1995,britpop,72,3.02,False,0.163,0.558,194,32.47,64.24,
Sixpence None The Richer,Kiss Me,1990s,1997,Unknown,85,3.48,False,-0.107,0.424,170,38.24,48.88,
Backstreet Boys,Everybody (Backstreet's Back) - Radio Edit,1990s,1997,Unknown,79,3.76,False,0.18,0.466,259,32.82,68.96,
Fugees,Killing Me Softly With His Song,1990s,1996,east coast hip hop,80,4.98,True,0.048,0.464,473,30.44,95.02,
The Cardigans,My Favourite Game,1990s,1998,swedish pop,73,3.67,False,-0.031,0.507,241,39.42,65.59,
Brandy,The Boy Is Mine,1990s,1998,r&b,76,4.91,False,-0.097,0.617,797,21.33,162.22,
Big Mountain,"Baby, I Love Your Way",1990s,1994,reggae,73,4.16,False,0.367,0.562,344,28.2,82.72,
No Doubt,Don't Speak,1990s,1995,Unknown,81,4.39,False,0.462,0.6,339,26.84,77.17,
Michael Jackson,They Don't Care About Us,1990s,1995,Unknown,80,4.74,False,-0.077,0.402,611,26.35,128.94,
Haddaway,"What Is Love - 7"" Mix",1990s,1993,eurodance,82,4.51,False,0.141,0.554,325,18.15,72.12,
Mazzy Star,Fade Into You,1990s,1993,"dream pop, shoegaze, slowcore",87,4.93,False,0.026,0.374,154,40.91,31.26,
Red Hot Chili Peppers,Scar Tissue,1990s,1999,"funk rock, alternative rock, rock",86,3.6,False,-0.066,0.636,299,26.42,83.09,
The La's,There She Goes,1990s,1990,"britpop, jangle pop",75,2.7,False,-0.156,0.289,127,27.56,46.98,
Nirvana,Come As You Are,1990s,1991,"grunge, rock",84,3.65,False,0.0,0.3,149,27.52,40.84,
Jennifer Lopez,Let's Get Loud,1990s,1999,Unknown,69,3.99,False,0.078,0.634,638,18.5,159.9,
Radiohead,Karma Police,1990s,1997,"art rock, alternative rock",82,4.4,False,-0.158,0.308,146,39.04,33.17,
Red Hot Chili Peppers,Otherside,1990s,1999,"funk rock, alternative rock, rock",85,4.26,False,-0.213,0.459,328,33.23,77.06,
White Town,Your Woman,1990s,1997,Unknown,74,4.33,False,0.254,0.658,288,38.19,66.49,
Michael Jackson,Earth Song,1990s,1995,Unknown,72,6.77,False,-0.027,0.584,434,31.8,64.15,
Nirvana,Smells Like Teen Spirit,1990s,1991,"grunge, rock",85,5.03,False,-0.187,0.469,260,33.08,51.67,
The Cranberries,Zombie - 2025 Remastered,1990s,1994,Unknown,84,5.09,False,-0.04,0.305,177,36.16,34.77,
Ace of Base,All That She Wants,1990s,1993,"eurodance, europop",80,3.52,False,0.187,0.281,277,27.08,78.69,
Lenny Kravitz,It Ain't Over 'Til It's Over,1990s,1991,Unknown,81,4.04,False,0.35,0.425,284,21.48,70.23,
R.E.M.,Losing My Religion,1990s,1991,"jangle pop, alternative rock, rock",86,4.47,False,0.05,0.33,294,30.61,65.72,
Shaggy,It Wasn't Me,1990s,2000,reggae,81,3.79,False,0.062,0.408,644,30.28,169.77,
Oasis,Don't Look Back in Anger - Remastered,1990s,2025,"britpop, madchester",74,4.84,False,-0.253,0.253,310,36.13,64.05,
Will Smith,Miami,1990s,1997,Unknown,73,3.29,False,0.222,0.571,669,36.62,203.18,
Spice Girls,Wannabe,1990s,1996,Unknown,81,2.88,False,0.157,0.369,574,20.38,199.05,
Corona,The Rhythm of the Night,1990s,1994,eurodance,73,4.4,False,0.253,0.463,370,22.16,84.0,
Red Hot Chili Peppers,Californication,1990s,1999,"funk rock, alternative rock, rock",85,5.5,False,0.109,0.544,296,50.0,53.86,
Everything But The Girl,Missing - Todd Terry Remix / Radio Edit,1990s,2002,Unknown,60,3.92,False,0.017,0.371,304,30.26,77.55,
2Pac,California Love - Original Version,1990s,1998,"old school hip hop, gangster rap, west coast hip hop, g-funk, hip hop",59,4.75,False,0.185,0.475,710,33.66,149.47,
The Cure,Friday I'm In Love,1990s,1992,"new wave, post-punk, gothic rock, darkwave",79,3.59,False,0.178,0.424,263,36.88,73.34,
Blur,Girls & Boys,1990s,2000,"britpop, madchester, alternative rock",70,4.32,False,0.236,0.546,338,22.78,78.18,
Crazy Town,Butterfly,1990s,2000,"rap rock, nu metal",79,3.61,False,0.026,0.708,713,28.47,197.39,
No Doubt,Just A Girl,1990s,1995,Unknown,74,3.49,False,0.065,0.513,296,38.85,84.89,
Fools Garden,Lemon Tree,1990s,1995,Unknown,77,3.18,False,-0.066,0.341,327,33.33,102.71,
Michael Jackson,Black or White,1990s,1991,Unknown,74,4.27,False,-0.018,0.386,449,36.08,105.23,
Blur,Song 2 - 2012 Remaster,1990s,1997,"britpop, madchester, alternative rock",79,2.02,False,0.15,0.768,125,38.4,61.88,
Aerosmith,Crazy,1990s,1993,"classic rock, rock",77,5.28,False,-0.186,0.763,326,38.34,61.74,
Diddy,I'll Be Missing You (feat. Faith Evans & 112) - 2014 Remaster,1990s,1997,"hip hop, east coast hip hop",69,5.11,False,0.016,0.47,639,32.86,125.05,
Chumbawamba,Tubthumping,1990s,1997,Unknown,72,4.65,False,-0.107,0.306,800,8.12,172.18,
Jamiroquai,Virtual Insanity - Remastered 2006,1990s,2005,acid jazz,76,3.82,False,-0.057,0.471,465,30.97,121.64,
New Radicals,You Get What You Give,1990s,1998,Unknown,81,5.01,False,0.075,0.512,458,36.68,91.36,
Mariah Carey,Fantasy,1990s,1995,christmas,79,4.06,False,0.25,0.62,326,25.46,80.33,
The Cranberries,Linger,1990s,1993,Unknown,86,4.58,False,-0.097,0.584,309,28.48,67.49,
Ricky Martin,Livin' la Vida Loca,1990s,1999,"latin pop, latin",78,4.05,False,-0.042,0.481,441,26.3,108.82,
Jamiroquai,Cosmic Girl - Remastered 2013,1990s,1996,acid jazz,72,4.07,False,0.182,0.662,330,40.3,81.08,
AC/DC,Thunderstruck,1990s,1990,"rock, hard rock, classic rock, rock and roll",87,4.87,False,0.267,0.412,265,35.47,54.39,
Ms. Lauryn Hill,Doo Wop (That Thing),1990s,1998,neo soul,77,5.34,False,0.192,0.54,1002,31.44,187.72,
Dido,Thank You,1990s,1999,Unknown,79,3.64,False,0.122,0.392,262,38.17,71.99,
Smash Mouth,All Star,1990s,1999,Unknown,79,3.34,False,-0.043,0.623,480,32.08,143.73,
blink-182,All The Small Things,1990s,1999,"pop punk, punk, rock, skate punk, emo",82,2.78,False,0.016,0.406,226,28.32,81.17,
Guns N' Roses,November Rain,1990s,1991,"rock, glam metal, hard rock, classic rock",84,8.93,False,0.054,0.753,409,32.03,45.78,
Will Smith,Gettin' Jiggy Wit It,1990s,1997,Unknown,73,3.8,False,0.145,0.642,691,31.98,181.9,
DNA,"Tom's Diner - 7"" Version",1990s,1998,Unknown,70,3.8,False,0.053,0.581,332,37.65,87.37,
4 Non Blondes,What's Up?,1990s,1992,Unknown,86,4.93,False,0.157,0.43,358,25.14,72.68,
Blackstreet,No Diggity,1990s,1996,new jack swing,79,5.08,False,0.129,0.46,839,31.35,165.27,
TLC,No Scrubs,1990s,1999,Unknown,82,3.57,False,0.306,0.47,643,14.62,179.94,
Radiohead,High and Dry,1990s,1995,"art rock, alternative rock",80,4.29,False,0.214,0.568,231,38.96,53.83,
Shaggy,Boombastic,1990s,1995,reggae,74,4.17,False,0.238,0.49,675,30.81,162.04,
Will Smith,"Men In Black - From ""Men In Black"" Soundtrack",1990s,1997,Unknown,67,3.79,False,-0.062,0.488,577,34.14,152.24,
Jamiroquai,Canned Heat,1990s,1999,acid jazz,71,5.53,False,-0.02,0.404,697,23.24,126.05,
The Offspring,The Kids Aren't Alright,1990s,1998,"punk, skate punk",83,3.0,False,0.053,0.49,191,53.4,63.61,
Inner Circle,Sweat (A La La La La Long),1990s,1992,"reggae, roots reggae",73,3.82,False,0.16,0.437,452,21.68,118.43,
Aerosmith,"I Don't Want to Miss a Thing - From ""Armageddon"" Soundtrack",1990s,1998,"classic rock, rock",75,4.98,False,0.206,0.414,417,22.54,83.75,
Lou Bega,Mambo No. 5 (a Little Bit of...),1990s,1999,Unknown,78,3.67,False,-0.026,0.466,419,33.17,114.12,
Backstreet Boys,I Want It That Way,1990s,1999,Unknown,84,3.56,False,-0.152,0.43,297,21.89,83.54,
Bloodhound Gang,The Bad Touch,1990s,1999,Unknown,75,4.34,True,0.121,0.547,454,37.67,104.57,
Coolio,Gangsta's Paradise,1990s,1995,"west coast hip hop, g-funk",87,4.01,False,0.117,0.452,545,32.29,135.86,
The Smashing Pumpkins,1979 - Remastered 2012,1990s,1995,"alternative rock, rock",80,4.44,False,0.115,0.653,230,52.61,51.8,
Green Day,Basket Case,1990s,1994,"punk, pop punk",82,3.03,False,0.063,0.359,178,42.13,58.83,
Metallica,Nothing Else Matters - Remastered 2021,1990s,2021,"metal, thrash metal, rock, heavy metal, hard rock",83,6.48,False,0.168,0.615,228,28.51,35.19,
Destiny's Child,Say My Name,1990s,1999,Unknown,79,4.52,False,0.03,0.456,1012,15.81,223.78,
Red Hot Chili Peppers,Under the Bridge,1990s,1991,"funk rock, alternative rock, rock",85,4.41,False,0.203,0.605,285,35.09,64.7,
Eminem,My Name Is,1990s,1999,"rap, hip hop",73,4.47,True,-0.103,0.501,811,39.33,181.3,
Nirvana,Lithium,1990s,1991,"grunge, rock",74,4.28,False,0.225,0.597,352,19.32,82.16,
Britney Spears,Oops!...I Did It Again,2000s,2000,pop,83,3.52,False,0.128,0.478,386,26.68,109.68,
Nelly,Dilemma,2000s,2002,Unknown,82,4.82,True,0.062,0.625,923,18.96,191.52,
Madonna,Hung Up,2000s,2005,Unknown,79,5.63,False,-0.274,0.506,541,14.42,96.11,
Kelly Clarkson,Since U Been Gone,2000s,2004,christmas,75,3.15,False,0.157,0.37,293,28.33,93.04,
Mariah Carey,We Belong Together,2000s,2005,christmas,78,3.36,False,0.01,0.306,529,31.0,157.6,
Christina Aguilera,"Lady Marmalade - From ""Moulin Rouge"" Soundtrack",2000s,2001,Unknown,67,4.41,False,0.278,0.546,486,39.3,110.2,
Shakira,La Tortura (feat. Alejandro Sanz),2000s,2005,latin pop,81,3.6,False,0.245,0.53,433,32.1,120.15,
Britney Spears,Stronger,2000s,2000,pop,68,3.38,False,0.038,0.623,257,31.13,75.96,
Black Eyed Peas,Meet Me Halfway,2000s,2009,Unknown,81,4.74,False,-0.061,0.529,512,21.29,108.03,
Avril Lavigne,Sk8er Boi,2000s,2002,Unknown,79,3.4,False,0.143,0.465,406,36.21,119.41,
Juanes,La Camisa Negra,2000s,2004,"latin pop, colombian pop, rock en español",57,3.61,False,0.0,0.0,347,33.43,96.07,
David Guetta,Sexy Bitch (feat. Akon),2000s,2010,edm,81,3.26,True,0.0,0.0,234,27.35,71.69,
Kanye West,Flashing Lights,2000s,2007,rap,87,3.96,True,0.124,0.626,359,44.29,90.69,
Katy Perry,Hot N Cold,2000s,2008,pop,78,3.67,False,-0.109,0.529,472,20.13,128.6,
Black Eyed Peas,I Gotta Feeling,2000s,2009,Unknown,83,4.82,False,0.497,0.556,695,15.54,144.22,
Kylie Minogue,Can't Get You out of My Head,2000s,2001,dance pop,81,3.84,False,0.355,0.705,259,19.69,67.38,
Britney Spears,Gimme More,2000s,2007,pop,85,4.19,True,0.386,0.497,522,22.61,124.66,
Rihanna,Don't Stop The Music,2000s,2008,Unknown,85,4.45,False,0.053,0.768,683,17.13,153.44,
MGMT,Kids,2000s,2007,indie,82,5.05,False,0.136,0.945,223,38.12,44.18,
Lady Gaga,Just Dance,2000s,2008,"art pop, pop",84,4.03,False,0.072,0.526,515,35.53,127.72,
Shakira,Hips Don't Lie (feat. Wyclef Jean),2000s,2005,latin pop,87,3.67,False,0.099,0.455,910,24.73,247.78,
Pitbull,I Know You Want Me (Calle Ocho),2000s,2009,Unknown,63,3.95,False,0.252,0.414,655,23.51,165.74,
Empire Of The Sun,Walking On A Dream,2000s,2008,Unknown,85,3.31,False,0.139,0.371,263,32.7,79.52,
Modjo,Lady - Hear Me Tonight,2000s,2001,"french house, disco house",82,5.12,False,0.342,0.523,246,19.11,48.05,
Lady Gaga,Paparazzi,2000s,2008,"art pop, pop",81,3.47,True,0.302,0.635,319,35.74,91.88,
Nelly Furtado,Say It Right,2000s,2006,Unknown,84,3.72,False,-0.034,0.636,295,30.85,79.34,
Flo Rida,Right Round,2000s,2009,Unknown,83,3.41,False,0.018,0.415,630,30.32,184.71,
t.A.T.u.,All The Things She Said,2000s,2002,Unknown,81,3.57,True,0.118,0.64,562,21.17,157.25,
Coldplay,Clocks,2000s,2002,Unknown,85,5.13,False,-0.119,0.163,171,44.44,33.32,
Katy Perry,I Kissed A Girl,2000s,2008,pop,76,2.99,False,0.201,0.65,283,33.57,94.52,
Nelly Furtado,Maneater,2000s,2006,Unknown,85,4.31,False,-0.009,0.554,600,17.33,139.05,
Black Eyed Peas,Pump It,2000s,2005,Unknown,82,3.55,True,0.05,0.539,528,30.68,148.69,
Natasha Bedingfield,Unwritten,2000s,2004,Unknown,86,4.32,False,-0.049,0.527,470,20.0,108.74,
Gwen Stefani,The Sweet Escape,2000s,2006,Unknown,76,4.11,False,0.174,0.667,543,22.65,132.19,
Maroon 5,This Love,2000s,2002,pop,87,3.44,False,0.333,0.535,351,31.62,102.13,
Estelle,American Boy,2000s,2008,Unknown,81,4.75,True,0.155,0.345,735,32.38,154.88,
Rihanna,Disturbia,2000s,2008,Unknown,82,3.98,False,0.283,0.72,573,23.56,144.07,
Daddy Yankee,Gasolina,2000s,2004,"reggaeton, latin",84,3.21,False,0.0,0.0,465,26.67,144.86,
JAY-Z,Empire State Of Mind,2000s,2009,"hip hop, east coast hip hop, rap",86,4.62,True,0.153,0.469,791,39.57,171.39,
Britney Spears,Womanizer,2000s,2008,pop,80,3.73,False,-0.097,0.656,600,19.5,160.69,
Avril Lavigne,Complicated,2000s,2002,Unknown,84,4.08,False,-0.233,0.54,516,21.51,126.62,
Rihanna,Rude Boy,2000s,2009,Unknown,79,3.72,True,0.127,0.525,627,14.67,168.76,
Stromae,Alors on danse - Radio Edit,2000s,2010,french pop,79,3.43,False,0.0,0.0,286,34.97,83.38,
Beyoncé,Crazy In Love (feat. JAY-Z),2000s,2003,Unknown,79,3.94,False,0.014,0.644,849,24.73,215.73,
Lady Gaga,Bad Romance,2000s,2009,"art pop, pop",86,4.91,True,-0.131,0.65,577,14.21,117.53,
Nelly Furtado,Promiscuous,2000s,2006,Unknown,88,4.04,False,-0.074,0.564,681,31.57,168.64,
Rihanna,Umbrella,2000s,2008,Unknown,84,4.6,False,0.175,0.461,547,27.97,118.92,
Sophie Ellis-Bextor,Murder On The Dancefloor,2000s,2002,Unknown,80,3.83,False,0.229,0.518,444,16.22,115.82,
Gorillaz,Feel Good Inc.,2000s,2005,Unknown,90,3.71,False,0.484,0.536,423,35.46,114.0,
Lady Gaga,Poker Face,2000s,2008,"art pop, pop",85,3.95,True,0.263,0.527,517,21.86,130.78,
Beyoncé,Beautiful Liar,2000s,2007,Unknown,70,3.33,False,0.26,0.521,357,32.77,107.18,
Maroon 5,She Will Be Loved - Radio Mix,2000s,2002,pop,85,4.32,False,0.241,0.548,375,32.53,86.72,
Michael Jackson,You Rock My World - Radio Edit,2000s,1979,Unknown,68,4.45,False,0.47,0.695,689,19.59,154.88,
Amy Winehouse,Back To Black,2000s,2006,Unknown,83,4.02,True,0.009,0.37,220,35.91,54.71,
Robbie Williams,Rock DJ,2000s,2000,Unknown,71,4.31,False,0.348,0.665,390,30.77,90.5,
Kanye West,Heartless,2000s,2008,rap,85,3.52,False,-0.121,0.707,484,31.61,137.63,
Keane,Everybody's Changing,2000s,2004,Unknown,79,3.6,False,0.027,0.46,202,32.18,56.14,
David Guetta,When Love Takes Over (feat. Kelly Rowland),2000s,2010,edm,75,3.18,False,0.404,0.606,251,33.07,78.85,
Britney Spears,Toxic,2000s,2003,pop,85,3.31,False,-0.115,0.545,326,24.23,98.39,
Rihanna,Pon de Replay,2000s,2005,Unknown,80,4.12,False,0.221,0.434,686,15.45,166.67,
Lily Allen,Smile,2000s,2006,Unknown,75,3.28,True,-0.005,0.366,449,21.38,136.83,
Kanye West,Stronger,2000s,2007,rap,83,5.2,True,0.185,0.439,958,19.0,184.31,
The Killers,Human,2000s,2008,alternative rock,76,4.09,False,0.048,0.407,263,36.5,64.31,
Peter Bjorn and John,Young Folks,2000s,2006,indie,78,4.61,False,0.179,0.648,322,28.57,69.82,
Hoobastank,The Reason,2000s,2024,nu metal,84,3.88,False,-0.057,0.67,243,29.63,62.63,
Keane,Somewhere Only We Know,2000s,2004,Unknown,87,3.95,False,-0.02,0.614,285,29.82,72.11,
Miley Cyrus,Party In The U.S.A.,2000s,2009,Unknown,81,3.37,False,0.38,0.593,516,26.16,153.22,
Outkast,Hey Ya!,2000s,2003,"southern hip hop, hip hop",83,3.92,True,0.231,0.566,495,29.29,126.27,
Coldplay,Yellow,2000s,2000,Unknown,91,4.45,False,0.243,0.421,213,28.17,47.91,
Black Eyed Peas,Where Is The Love?,2000s,2003,Unknown,82,4.54,False,0.164,0.592,689,35.85,151.69,
Amy Macdonald,This Is The Life,2000s,2007,Unknown,79,3.07,False,-0.058,0.491,459,18.95,149.34,
Guru Josh Project,Infinity 2008 - Klaas Vocal Edit,2000s,2008,Unknown,75,3.2,False,0.05,0.7,112,26.79,34.95,
50 Cent,21 Questions,2000s,2003,"east coast hip hop, old school hip hop",79,3.74,True,0.262,0.522,652,29.75,174.3,
Kesha,TiK ToK,2000s,2010,Unknown,85,3.33,False,-0.102,0.469,509,29.47,152.93,
Outkast,Ms. Jackson,2000s,2000,"southern hip hop, hip hop",83,4.51,True,-0.021,0.521,741,35.22,164.36,
Franz Ferdinand,Take Me Out,2000s,2004,indie rock,84,3.95,False,-0.267,0.5,264,19.32,66.83,
Justin Timberlake,Rock Your Body,2000s,2002,Unknown,83,4.45,False,0.188,0.462,662,20.85,148.62,
Green Day,Boulevard of Broken Dreams,2000s,2004,"punk, pop punk",73,4.35,True,-0.108,0.697,278,28.06,63.84,
Anastacia,Left Outside Alone,2000s,2004,Unknown,66,4.29,False,-0.018,0.28,398,25.13,92.76,
Foster The People,Pumped Up Kicks,2000s,2011,Unknown,85,3.99,False,0.254,0.457,389,24.42,97.41,
Yeah Yeah Yeahs,Heads Will Roll,2000s,2009,Unknown,70,3.68,False,-0.175,0.381,248,18.15,67.33,
Justin Timberlake,SexyBack (feat. Timbaland),2000s,2006,Unknown,86,4.05,True,0.0,0.0,454,22.03,112.22,
Taio Cruz,Break Your Heart,2000s,2010,Unknown,69,3.36,False,-0.101,0.86,388,18.04,115.51,
Alicia Keys,Fallin',2000s,2001,"r&b, neo soul",79,3.5,False,0.192,0.571,241,26.14,68.79,
Sean Kingston,Beautiful Girls,2000s,2007,Unknown,80,3.76,False,0.235,0.611,431,32.25,114.74,
Gnarls Barkley,Crazy,2000s,2007,Unknown,81,2.97,False,-0.218,0.704,226,46.9,76.21,
The Killers,Mr. Brightside,2000s,2004,alternative rock,89,3.72,False,-0.085,0.619,314,30.57,84.49,
Robbie Williams,Feel,2000s,2002,Unknown,77,4.4,False,0.15,0.591,259,34.75,58.89,
Madonna,4 Minutes (feat. Justin Timberlake & Timbaland),2000s,2009,Unknown,77,3.16,False,0.0,0.0,498,27.11,157.52,
Gorillaz,Clint Eastwood,2000s,2001,Unknown,81,5.68,True,0.105,0.478,620,32.42,109.12,
Coldplay,Viva La Vida,2000s,2008,Unknown,87,4.04,False,0.12,0.47,341,41.35,84.42,
Florence + The Machine,Dog Days Are Over,2000s,2009,baroque pop,81,4.21,False,0.242,0.422,292,34.25,69.3,
Timbaland,The Way I Are,2000s,2007,Unknown,86,2.99,False,0.417,0.582,397,28.21,132.98,
Kings of Leon,Sex on Fire,2000s,2008,Unknown,84,3.39,False,0.377,0.631,145,49.66,42.78,
Avril Lavigne,Girlfriend,2000s,2007,Unknown,76,3.61,True,0.189,0.575,637,16.17,176.45,
Coldplay,The Scientist,2000s,2002,Unknown,89,5.16,False,0.103,0.504,193,43.52,37.4,
Sean Paul,Get Busy,2000s,2022,dancehall,78,3.53,False,0.317,0.458,743,17.77,210.61,
Red Hot Chili Peppers,Can't Stop,2000s,2002,"funk rock, alternative rock, rock",87,4.48,False,0.324,0.465,574,37.28,128.03,
Akon,Lonely,2000s,2006,Unknown,59,3.93,True,0.065,0.709,629,24.48,160.05,
Eminem,Without Me,2000s,2002,"rap, hip hop",88,4.84,True,-0.08,0.411,804,38.31,166.16,
Ariana Grande,One Last Time,2010s,2014,pop,86,3.29,False,0.123,0.335,425,21.88,129.27,
Rihanna,Where Have You Been,2010s,2011,Unknown,79,4.04,False,0.225,0.5,300,16.33,74.17,
Billie Eilish,ocean eyes,2010s,2017,Unknown,82,3.34,False,-0.073,0.585,223,43.05,66.77,
Drake,One Dance,2010s,2016,rap,89,2.9,False,0.11,0.306,474,28.06,163.46,
Adele,Rolling in the Deep,2010s,2011,soft pop,81,3.8,False,0.079,0.444,603,21.56,158.62,
Ariana Grande,7 rings,2010s,2019,pop,85,2.98,True,0.021,0.43,502,36.85,168.62,
Justin Bieber,Beauty And A Beat,2010s,2012,Unknown,79,3.8,False,0.16,0.418,359,36.77,94.48,
Alec Benjamin,Let Me Down Slowly,2010s,2018,Unknown,83,2.82,False,-0.185,0.372,430,21.4,152.34,
B.o.B,Airplanes (feat. Hayley Williams of Paramore),2010s,2010,Unknown,79,3.01,True,0.16,0.379,538,29.55,178.86,
benny blanco,Eastside (with Halsey & Khalid),2010s,2018,Unknown,73,2.9,False,0.134,0.402,498,30.52,171.72,
ROSALÍA,Con Altura,2010s,2019,latin,71,2.69,False,0.1,1.0,487,26.08,180.79,
Enrique Iglesias,Bailando - Spanish Version,2010s,2014,"latin pop, latin",78,4.05,False,0.128,0.534,700,31.29,172.9,
Carly Rae Jepsen,Run Away With Me,2010s,2015,Unknown,48,4.19,False,0.039,0.485,439,22.1,104.81,
Charli xcx,Boom Clap,2010s,2014,"hyperpop, art pop",67,2.83,False,0.502,0.523,402,21.89,141.99,
Pitbull,Give Me Everything (feat. Nayer),2010s,2011,Unknown,87,4.21,False,0.223,0.506,674,23.29,160.28,
Katy Perry,The One That Got Away,2010s,2010,pop,67,3.79,False,0.071,0.343,342,34.21,90.26,
Black Eyed Peas,The Time (Dirty Bit),2010s,2010,Unknown,52,5.13,False,0.077,0.548,540,30.56,105.32,
Drake,Passionfruit,2010s,2017,rap,86,4.98,True,0.028,0.523,246,43.5,49.37,
Icona Pop,I Love It (feat. Charli XCX),2010s,2013,Unknown,75,2.62,True,0.205,0.56,328,18.9,125.23,
Rihanna,Only Girl (In The World),2010s,2010,Unknown,74,3.92,False,0.097,0.824,429,19.35,109.3,
Capital Cities,Safe and Sound,2010s,2013,Unknown,83,3.21,False,0.412,0.437,307,19.22,95.54,
Maroon 5,Maps,2010s,2014,pop,85,3.17,False,-0.1,0.208,467,19.91,147.5,
Bruno Mars,Locked out of Heaven,2010s,2012,Unknown,89,3.89,False,0.044,0.415,324,27.47,83.26,
David Guetta,Where Them Girls At (feat. Nicki Minaj & Flo Rida),2010s,2012,edm,77,3.25,True,0.278,0.432,577,31.37,177.68,
Rihanna,We Found Love,2010s,2011,Unknown,79,3.59,False,0.412,0.548,218,27.98,60.77,
"Tyler, The Creator",See You Again (feat. Kali Uchis),2010s,2017,Unknown,89,3.01,True,0.192,0.529,483,27.74,160.66,
M83,Midnight City,2010s,2011,Unknown,79,4.07,False,-0.133,0.367,144,22.92,35.42,
Twenty One Pilots,Ride,2010s,2015,Unknown,84,3.58,False,0.144,0.28,446,24.44,124.75,
Calvin Harris,Feel So Close - Radio Edit,2010s,2012,edm,81,3.44,False,0.222,0.458,134,25.37,38.95,
Milky Chance,Stolen Dance,2010s,2013,Unknown,80,5.23,False,0.066,0.458,355,24.51,67.9,
WILLOW,Wait a Minute!,2010s,2015,Unknown,81,3.28,False,0.125,0.376,343,30.9,104.72,
Tame Impala,The Less I Know The Better,2010s,2015,"neo-psychedelic, indie",89,3.61,True,0.124,0.515,243,47.33,67.4,
Rihanna,S&M,2010s,2010,Unknown,73,4.06,True,0.294,0.583,506,17.0,124.66,
will.i.am,Scream & Shout,2010s,2013,Unknown,80,4.72,True,-0.004,0.463,552,18.84,116.87,
Coldplay,Adventure of a Lifetime,2010s,2015,Unknown,84,4.4,False,0.178,0.686,282,30.14,64.14,
Calvin Harris,Outside (feat. Ellie Goulding),2010s,2014,edm,86,3.79,False,0.0,0.0,241,34.02,63.63,
Lana Del Rey,Video Games,2010s,2012,Unknown,74,4.7,False,0.106,0.541,407,29.24,86.61,
Jack Ü,Where Are Ü Now (with Justin Bieber),2010s,2015,Unknown,77,4.17,False,0.099,0.496,253,30.43,60.67,
David Guetta,Without You (feat. Usher),2010s,2012,edm,78,3.47,False,-1.0,0.667,205,29.27,59.1,
Enrique Iglesias,DUELE EL CORAZON (feat. Wisin),2010s,2016,"latin pop, latin",68,3.33,False,0.5,0.6,344,30.23,103.36,
Ariana Grande,Into You,2010s,2016,pop,84,4.07,False,-0.055,0.502,516,21.51,126.65,
Miley Cyrus,We Can't Stop,2010s,2013,Unknown,80,3.85,False,0.342,0.595,614,19.71,159.32,
The 1975,Somebody Else,2010s,2016,Unknown,74,5.79,True,-0.108,0.668,530,19.06,91.5,
USHER,DJ Got Us Fallin' In Love (feat. Pitbull),2010s,2010,r&b,84,3.68,False,0.211,0.385,445,25.17,120.92,
Justin Bieber,What Do You Mean?,2010s,2015,Unknown,83,3.43,False,-0.029,0.569,494,19.23,144.11,
Drake,Hotline Bling,2010s,2016,rap,82,4.45,False,0.037,0.591,439,27.33,98.63,
Cardi B,I Like It,2010s,2018,Unknown,79,4.22,True,0.009,0.666,814,37.1,192.75,
Edward Maya,Stereo Love - Edit,2010s,2009,Unknown,69,3.07,False,0.279,0.536,274,35.04,89.34,
Katy Perry,Last Friday Night (T.G.I.F.),2010s,2012,pop,75,3.85,False,0.083,0.33,436,29.36,113.37,
Ariana Grande,Love Me Harder,2010s,2014,pop,84,3.94,False,0.208,0.329,478,20.92,121.46,
Lorde,Team,2010s,2013,Unknown,81,3.22,False,0.138,0.529,390,33.33,121.21,
Arctic Monkeys,Do I Wanna Know?,2010s,2013,"indie, garage rock",87,4.54,False,-0.049,0.365,423,34.52,93.17,
The Weeknd,Can't Feel My Face,2010s,2015,Unknown,84,3.56,False,0.292,0.611,550,12.73,154.55,
Rihanna,Love On The Brain,2010s,2016,Unknown,87,3.73,True,0.347,0.686,362,26.8,96.96,
Ariana Grande,Break Free,2010s,2014,pop,82,3.58,False,0.024,0.582,364,24.73,101.66,
Swedish House Mafia,Don't You Worry Child - Radio Edit,2010s,2012,edm,83,3.55,False,0.256,0.474,270,31.85,76.11,
Alexandra Stan,Mr. Saxobeat - Radio Edit,2010s,2011,europop,77,3.25,False,0.022,0.586,324,15.12,99.64,
Tove Lo,Habits (Stay High),2010s,2014,Unknown,77,3.49,False,-0.004,0.498,350,30.57,100.4,
BØRNS,Electric Love,2010s,2015,Unknown,80,3.64,False,0.435,0.585,205,32.68,56.39,
Disclosure,Latch,2010s,2013,house,83,4.26,False,0.167,0.498,365,22.19,85.67,
John Newman,Love Me Again,2010s,2013,Unknown,79,4.0,False,0.269,0.595,284,26.41,71.03,
Lorde,Supercut,2010s,2017,Unknown,79,4.63,False,0.017,0.563,404,23.02,87.35,
LMFAO,Party Rock Anthem,2010s,2011,Unknown,75,4.37,False,0.297,0.484,501,26.55,114.67,
Frank Ocean,Pink + White,2010s,2016,Unknown,86,3.08,False,0.067,0.368,332,48.19,107.96,
Pitbull,Time of Our Lives,2010s,2014,Unknown,85,3.82,True,0.132,0.506,675,26.96,176.58,
Travis Scott,goosebumps,2010s,2016,rap,85,4.06,True,0.041,0.57,581,32.01,142.96,
fun.,We Are Young (feat. Janelle Monáe),2010s,2012,Unknown,80,4.18,False,0.016,0.336,366,32.51,87.62,
B.o.B,Nothin' on You (feat. Bruno Mars),2010s,2010,Unknown,56,4.47,False,0.2,0.3,461,45.34,103.09,
Joji,SLOW DANCING IN THE DARK,2010s,2018,Unknown,87,3.49,True,-0.024,0.479,281,30.25,80.56,
Calvin Harris,Summer,2010s,2014,edm,82,3.71,False,0.323,0.477,123,29.27,33.16,
Justin Bieber,Boyfriend,2010s,2012,Unknown,63,2.86,False,0.314,0.656,436,28.67,152.69,
Vance Joy,Riptide,2010s,2014,folk pop,81,3.4,False,-0.073,0.499,394,28.17,115.72,
Deorro,Five More Hours,2010s,2015,"melbourne bounce, electro house",66,3.53,False,0.368,0.467,346,26.01,97.94,
French Montana,Unforgettable,2010s,2017,Unknown,86,3.9,True,0.093,0.549,560,30.36,143.65,
The Neighbourhood,Sweater Weather,2010s,2013,Unknown,92,4.01,False,-0.113,0.663,364,36.54,90.85,
Kygo,Stole the Show,2010s,2016,tropical house,75,3.72,False,-0.14,0.488,297,27.95,79.85,
Demi Lovato,Cool for the Summer,2010s,2015,Unknown,79,3.58,True,0.079,0.545,379,21.37,105.9,
Gotye,Somebody That I Used To Know,2010s,2011,Unknown,62,4.08,False,0.222,0.6,392,30.1,96.05,
Macklemore,Can't Hold Us (feat. Ray Dalton),2010s,2012,Unknown,79,4.31,False,0.051,0.361,780,29.87,181.16,
The Neighbourhood,Daddy Issues,2010s,2015,Unknown,86,4.34,False,-0.169,0.47,428,25.47,98.71,
Lana Del Rey,Born To Die,2010s,2012,Unknown,57,4.77,False,-0.117,0.497,562,22.06,117.8,
Katy Perry,California Gurls,2010s,2012,pop,75,3.91,False,0.313,0.586,444,40.09,113.53,
Zara Larsson,Lush Life,2010s,2017,Unknown,86,3.34,False,0.053,0.334,490,23.27,146.53,
Drake,"Hold On, We're Going Home",2010s,2013,rap,77,3.8,False,0.258,0.568,351,18.23,92.42,
Maroon 5,Payphone,2010s,2012,pop,86,3.85,True,-0.04,0.504,601,32.78,155.99,
R. City,Locked Away (feat. Adam Levine),2010s,2015,Unknown,83,3.79,False,0.227,0.48,658,19.76,173.56,
Nicki Minaj,Starships,2010s,2012,Unknown,79,3.51,True,0.306,0.551,415,30.84,118.22,
Childish Gambino,Redbone,2010s,2016,Unknown,83,5.45,True,0.008,0.495,303,30.69,55.61,
Mike Posner,I Took A Pill In Ibiza - Seeb Remix,2010s,2016,Unknown,81,3.3,True,-0.275,0.726,350,32.29,106.1,
Cigarettes After Sex,Apocalypse,2010s,2017,dream pop,90,4.84,False,0.021,0.263,239,41.0,49.42,
Sean Paul,No Lie,2010s,2018,dancehall,85,3.69,False,0.088,0.395,767,19.95,208.07,
Doja Cat,Streets,2010s,2019,Unknown,84,3.78,True,-0.065,0.484,469,34.97,123.98,
Don Omar,Danza Kuduro,2010s,2010,"reggaeton, urbano latino",84,3.31,False,0.977,1.0,396,24.49,119.53,
Daft Punk,Get Lucky (Radio Edit) [feat. Pharrell Williams and Nile Rodgers],2010s,2013,"french house, electronic, electro",80,4.13,False,0.347,0.701,566,13.25,137.14,
Katy Perry,Teenage Dream,2010s,2010,pop,69,3.8,False,0.021,0.256,413,27.85,108.81,
J Balvin,Mi Gente,2010s,2018,"reggaeton, latin",77,3.08,False,0.625,0.5,263,45.63,85.28,
Nicky Jam,X,2010s,2019,"reggaeton, latin",76,2.88,False,0.198,0.65,310,38.39,107.61,
Maroon 5,"Moves Like Jagger - Studio Recording From ""The Voice"" Performance",2010s,2010,pop,82,3.36,False,0.043,0.692,493,25.15,146.73,
Bad Bunny,DÁKITI,2020s,2020,"reggaeton, trap latino, urbano latino, latin",78,3.42,True,0.0,0.0,420,33.57,122.87,
KAROL G,Si Antes Te Hubiera Conocido,2020s,2024,"reggaeton, latin, urbano latino",84,3.26,False,0.0,0.0,319,35.42,97.74,
ROSALÍA,DESPECHÁ,2020s,2022,latin,73,2.61,True,-0.267,0.433,358,34.08,137.0,
FloyyMenor,Gata Only,2020s,2024,reggaeton chileno,78,3.7,True,0.0,1.0,431,37.35,116.49,
Kali Uchis,telepatía,2020s,2020,Unknown,83,2.67,False,0.162,0.504,281,38.79,105.25,
Bad Bunny,Tití Me Preguntó,2020s,2022,"reggaeton, trap latino, urbano latino, latin",84,4.06,True,-0.25,1.0,515,32.43,126.79,
Charli xcx,Guess featuring billie eilish,2020s,2024,"hyperpop, art pop",79,2.39,False,-0.033,0.555,381,35.43,159.49,
Amaarae,SAD GIRLZ LUV MONEY Remix (feat. Kali Uchis and Moliy),2020s,2021,"alté, afrobeats, afro r&b",76,3.41,True,0.0,0.0,347,54.18,101.68,
Artemas,i like the way you kiss me,2020s,2024,Unknown,76,2.38,False,0.234,0.541,419,18.62,176.4,
Tame Impala,Borderline,2020s,2020,"neo-psychedelic, indie",86,3.96,False,0.13,0.562,341,32.55,86.04,
The Weeknd,"One Of The Girls (with JENNIE, Lily Rose Depp)",2020s,2023,Unknown,92,4.08,False,0.272,0.585,415,27.47,101.72,
Charli xcx,Apple,2020s,2024,"hyperpop, art pop",77,2.53,False,-0.107,0.583,323,28.17,127.72,
Djo,End of Beginning,2020s,2022,Unknown,91,2.65,False,0.147,0.23,200,36.5,75.36,
Chappell Roan,"Good Luck, Babe!",2020s,2024,Unknown,90,3.64,False,0.334,0.588,482,24.69,132.4,
Joji,Die For You,2020s,2022,Unknown,81,3.53,False,0.212,0.561,240,44.17,68.03,
The Weeknd,Save Your Tears (with Ariana Grande) (Remix),2020s,2021,Unknown,79,3.18,False,0.138,0.336,282,34.4,88.68,
sombr,back to friends,2020s,2024,Unknown,92,3.32,False,-0.134,0.237,206,37.86,62.1,
Sabrina Carpenter,Manchild,2020s,2025,pop,86,3.56,True,-0.106,0.546,317,32.18,89.03,
Billie Eilish,Happier Than Ever,2020s,2021,Unknown,85,4.98,True,0.002,0.626,366,40.98,73.47,
Jungle,Back On 74,2020s,2023,Unknown,80,3.49,False,0.0,0.148,326,19.33,93.37,
Olivia Rodrigo,vampire,2020s,2023,Unknown,85,3.66,True,-0.088,0.666,409,36.67,111.69,
WizTheMc,Show Me Love,2020s,2025,Unknown,85,2.95,False,0.443,0.593,447,18.34,151.56,
Ariana Grande,we can't be friends (wait for your love),2020s,2024,pop,88,3.81,False,0.483,0.602,376,24.47,98.67,
Miley Cyrus,Angels Like You,2020s,2020,Unknown,81,3.27,False,0.152,0.582,336,30.06,102.62,
PinkPantheress,Boy's a liar Pt. 2,2020s,2023,bedroom pop,72,2.18,True,0.337,0.602,367,36.51,168.07,
Sabrina Carpenter,Feather,2020s,2023,pop,83,3.09,True,0.147,0.43,437,23.34,141.31,
Farruko,Pepas,2020s,2021,"reggaeton, trap latino",78,4.79,True,0.333,0.417,311,31.83,64.99,
Travis Scott,FE!N (feat. Playboi Carti),2020s,2023,rap,84,3.19,True,-0.085,0.577,606,29.87,189.67,
The Marías,No One Noticed,2020s,2024,bedroom pop,90,3.95,False,0.308,0.725,336,23.51,85.1,
Lola Young,Messy,2020s,2024,Unknown,84,4.73,True,-0.182,0.715,552,28.44,116.59,
Steve Lacy,Bad Habit,2020s,2022,Unknown,73,3.87,True,-0.078,0.583,433,29.56,111.93,
Olivia Rodrigo,deja vu,2020s,2021,Unknown,86,3.59,True,0.095,0.61,334,40.12,92.99,
RAYE,Escapism.,2020s,2023,Unknown,84,4.54,True,-0.083,0.369,753,32.27,165.88,
Tate McRae,greedy,2020s,2023,Unknown,67,2.16,True,-0.029,0.605,305,35.74,141.11,
Doja Cat,Kiss Me More (feat. SZA),2020s,2021,Unknown,85,3.48,True,0.0,0.0,469,41.15,134.86,
Ravyn Lenae,Love Me Not,2020s,2024,"alternative r&b, indie soul",89,3.56,False,0.009,0.5,535,22.43,150.38,
Sabrina Carpenter,Please Please Please,2020s,2024,pop,79,3.11,True,0.206,0.697,298,39.6,95.94,
Peggy Gou,(It Goes Like) Nanana - Edit,2020s,2023,Unknown,75,3.86,False,-0.4,0.7,208,13.46,53.9,
d4vd,Romantic Homicide,2020s,2022,Unknown,86,2.21,False,-0.205,0.414,103,61.17,46.6,
Doja Cat,Woman,2020s,2021,Unknown,84,2.88,True,0.215,0.562,450,38.44,156.41,
Joji,Glimpse of Us,2020s,2022,Unknown,84,3.89,False,0.182,0.645,313,32.59,80.44,
SZA,Kill Bill,2020s,2022,r&b,82,2.57,False,0.204,0.355,385,31.17,150.05,
JVKE,golden hour,2020s,2022,Unknown,80,3.49,False,0.09,0.48,203,50.25,58.21,
Taylor Swift,cardigan,2020s,2020,Unknown,85,3.99,False,0.128,0.421,350,38.0,87.66,
Harry Styles,As It Was,2020s,2022,Unknown,88,2.79,False,0.054,0.216,260,37.31,93.24,
Olivia Rodrigo,drivers license,2020s,2021,Unknown,86,4.03,True,0.098,0.508,390,34.36,96.69,
Billie Eilish,BIRDS OF A FEATHER,2020s,2024,Unknown,95,3.51,False,0.225,0.522,331,34.14,94.4,
Ayra Starr,Rush,2020s,2022,"afrobeats, afrobeat, afropop, afro r&b, afropiano, afro soul",69,3.08,False,-0.001,0.401,409,30.07,132.58,
d4vd,Here With Me,2020s,2023,Unknown,85,4.04,False,0.239,0.408,189,46.03,46.77,
bbno$,edamame,2020s,2021,Unknown,79,2.23,True,0.013,0.491,553,35.08,248.16,
Sabrina Carpenter,Nonsense,2020s,2023,pop,59,2.73,False,0.164,0.58,451,34.59,165.35,
Conan Gray,Heather,2020s,2020,Unknown,86,3.3,False,0.087,0.511,224,36.61,67.87,
Kendrick Lamar,luther (with sza),2020s,2024,"hip hop, west coast hip hop",85,2.96,False,0.222,0.502,432,34.26,145.95,
Måneskin,I WANNA BE YOUR SLAVE,2020s,2021,Unknown,83,2.89,True,-0.023,0.608,412,25.97,142.6,
Lady Gaga,Abracadabra,2020s,2025,"art pop, pop",81,3.72,False,0.033,0.374,277,35.74,74.4,
Olivia Rodrigo,good 4 u,2020s,2021,Unknown,82,2.97,True,0.389,0.544,434,28.34,146.17,
Kenya Grace,Strangers,2020s,2023,Unknown,76,2.88,False,-0.119,0.342,354,25.42,122.8,
Taylor Swift,august,2020s,2020,Unknown,85,4.37,False,-0.018,0.464,404,25.0,92.55,
Billie Eilish,"What Was I Made For? [From The Motion Picture ""Barbie""]",2020s,2023,Unknown,85,3.71,False,0.113,0.697,179,35.2,48.25,
THE ANXIETY,Meet Me At Our Spot,2020s,2020,Unknown,74,2.71,True,-0.061,0.411,321,27.41,118.39,
Metro Boomin,Creepin' (with The Weeknd & 21 Savage),2020s,2022,Unknown,82,3.69,True,0.218,0.393,476,32.35,129.0,
Sabrina Carpenter,Espresso,2020s,2024,pop,85,2.92,True,0.011,0.467,427,23.65,146.02,
Dove Cameron,Boyfriend,2020s,2022,Unknown,72,2.55,True,0.215,0.526,318,29.25,124.71,
Oliver Tree,Life Goes On,2020s,2021,Unknown,73,2.7,False,-0.062,0.583,329,23.4,122.0,
Dave,Sprinter,2020s,2023,"grime, uk grime, uk drill, drill",58,3.82,True,-0.05,0.476,844,44.08,221.01,
Taylor Swift,Fortnight (feat. Post Malone),2020s,2024,Unknown,82,3.82,False,-0.5,1.0,328,37.5,85.95,
Kendrick Lamar,Not Like Us,2020s,2024,"hip hop, west coast hip hop",87,4.57,True,0.025,0.459,924,40.15,202.19,
Benson Boone,Mystical Magical,2020s,2025,Unknown,83,2.76,False,0.245,0.591,314,34.71,113.67,
Doja Cat,Paint The Town Red,2020s,2023,Unknown,76,3.84,True,0.122,0.492,672,26.64,174.95,
Gigi Perez,Sailor Song,2020s,2025,Unknown,87,3.53,False,-0.144,0.669,332,37.65,93.97,
Stephen Sanchez,Until I Found You,2020s,2021,Unknown,79,2.96,False,0.5,0.6,178,26.97,60.09,
SZA,Good Days,2020s,2022,r&b,54,4.64,False,0.232,0.457,471,32.48,101.48,
Laufey,From The Start,2020s,2023,Unknown,87,2.83,False,0.171,0.646,213,47.89,75.37,
Gracie Abrams,That’s So True,2020s,2024,Unknown,90,2.77,True,-0.009,0.499,366,36.89,132.05,
KATSEYE,Gnarly,2020s,2025,k-pop,88,2.29,True,-0.237,0.73,257,31.13,112.3,
Tate McRae,you broke me first,2020s,2021,Unknown,85,2.84,True,0.012,0.383,349,31.23,123.01,
Lil Nas X,MONTERO (Call Me By Your Name),2020s,2021,Unknown,75,2.3,True,-0.015,0.574,405,36.79,176.47,
Teddy Swims,Lose Control,2020s,2023,Unknown,90,3.51,False,0.042,0.41,322,36.65,91.7,
Dua Lipa,Dance The Night - From Barbie The Album,2020s,2023,pop,80,2.94,False,0.292,0.409,424,25.71,144.22,
KATSEYE,Gabriela,2020s,2025,k-pop,94,3.29,False,0.069,0.174,326,29.75,99.18,
CKay,love nwantiti (ah ah ah),2020s,2019,"afrobeats, afrobeat, afro r&b, afropop",76,2.43,True,0.152,0.587,252,42.06,103.7,
BENEE,Supalonely,2020s,2019,Unknown,67,3.72,True,-0.216,0.65,430,27.21,115.45,
Camila Cabello,Bam Bam (feat. Ed Sheeran),2020s,2022,Unknown,72,3.43,False,-0.011,0.336,487,28.13,142.12,
Dua Lipa,Levitating (feat. DaBaby),2020s,2020,pop,82,3.38,False,0.0,0.0,493,36.71,145.67,
OneRepublic,I Ain't Worried,2020s,2022,soft pop,82,2.47,False,0.241,0.465,274,31.39,110.72,
Benson Boone,Beautiful Things,2020s,2024,Unknown,89,3.01,False,0.386,0.687,274,39.05,91.18,
Lizzy McAlpine,ceilings,2020s,2022,Unknown,81,3.05,False,0.304,0.601,212,44.34,69.55,
Adele,Oh My God,2020s,2021,soft pop,73,3.75,False,-0.048,0.423,581,19.45,154.83,
Mitski,My Love Mine All Mine,2020s,2023,Unknown,87,2.3,False,0.3,0.488,144,41.67,62.71,
Tyla,Water,2020s,2023,afrobeats,84,3.34,False,0.16,0.486,341,24.63,102.17,
David Kushner,Daylight,2020s,2024,Unknown,84,3.55,False,-0.056,0.461,348,28.74,98.05,
blackbear,hot girl bummer,2020s,2020,Unknown,74,3.14,True,-0.38,0.724,537,19.93,171.07,
Justin Bieber,Ghost,2020s,2021,Unknown,85,2.55,False,0.31,0.379,240,26.25,94.0,
Leon Thomas,MUTT,2020s,2024,Unknown,73,3.22,True,-0.075,0.379,338,26.63,104.9,
Alex Warren,Ordinary,2020s,2025,Unknown,91,3.12,False,-0.152,0.469,364,31.87,116.81,
Lil Nas X,INDUSTRY BABY (feat. Jack Harlow),2020s,2021,Unknown,75,3.54,True,0.004,0.385,658,33.89,185.92,
Shawn Mendes,Wonder,2020s,2020,Unknown,67,2.88,False,0.271,0.687,290,28.97,100.76,
Rosa Linn,SNAP,2020s,2022,Unknown,81,2.99,False,0.233,0.31,271,35.79,90.56,
Central Cee,Doja,2020s,2022,"uk drill, drill, uk grime",78,1.62,True,0.247,0.436,347,42.36,213.78,
The Weeknd,Blinding Lights,2020s,2020,Unknown,90,3.33,False,0.032,0.512,291,32.65,87.28,
