Decade,Year,Song,Artist,Genres,Popularity,Duration (min),Explicit,Polarity,Subjectivity,Total Words,Lexical Richness (%),Words per Minute
1950s,1958,Jailhouse Rock,Elvis Presley,"rockabilly, rock and roll",67,2.49,False,0.134,0.457,301,42.52,121.02
1950s,1956,Banana Boat (Day-O),Harry Belafonte,calypso,70,3.16,False,-0.151,0.202,299,13.04,94.69
1950s,1989,Hound Dog,Big Mama Thornton,"blues, classic blues, soul blues",55,3.02,False,-0.02,0.368,281,30.25,93.15
1950s,1954,Sh-Boom,The Chords,doo-wop,43,2.46,False,0.212,0.618,327,23.24,133.18
1950s,1988,Fever,Peggy Lee,"vocal jazz, swing music, big band, jazz",56,3.36,False,0.148,0.537,287,44.95,85.53
1950s,1959,We Belong Together,Ritchie Valens,"doo-wop, rock and roll",71,1.94,False,0.3,1.0,64,40.62,32.93
1950s,1966,Put Your Head on My Shoulder,Paul Anka,adult standards,59,2.58,False,0.256,0.462,143,41.96,55.33
1950s,1959,Johnny B. Goode,Chuck Berry,"rockabilly, rock and roll",75,2.69,False,0.017,0.317,228,47.81,84.67
1950s,1959,I Only Have Eyes for You,The Flamingos,doo-wop,73,3.38,False,0.218,0.79,196,32.65,58.0
1950s,1956,I Fall In Love Too Easily,Chet Baker,"jazz, cool jazz, vocal jazz",69,3.36,False,0.284,0.567,78,34.62,23.23
1950s,1959,Little Bitty Pretty One,Thurston Harris,doo-wop,51,2.38,False,-0.019,0.609,90,36.67,37.74
1950s,2012,Mister Sandman,The Chordettes,doo-wop,42,2.4,False,0.0,0.0,0,0.0,0.0
1950s,1958,Heartbreak Hotel,Elvis Presley,"rockabilly, rock and roll",57,2.17,False,-0.091,0.546,235,33.62,108.21
1950s,1959,"Shout, Pts. 1 & 2",The Isley Brothers,"motown, quiet storm, soul, classic soul, funk, northern soul",60,4.53,False,0.124,0.503,631,17.91,139.2
1950s,1957,I'll Be Seeing You,Billie Holiday,"jazz, vocal jazz, jazz blues, big band",71,3.53,False,0.285,0.552,146,34.93,41.41
1950s,1957,I've Got a Woman,Ray Charles,"jazz blues, soul, soul blues, blues, classic soul, vocal jazz",70,2.86,False,0.467,0.562,244,29.1,85.38
1950s,1968,Dream A Little Dream Of Me,Louis Armstrong,"jazz, swing music, big band, vocal jazz, jazz blues",69,3.28,False,0.037,0.517,166,42.77,50.6
1950s,1958,Hound Dog,Elvis Presley,"rockabilly, rock and roll",68,2.32,False,0.0,0.0,248,12.9,107.09
1950s,1956,Love Is Strange,Mickey Baker,,52,2.88,False,0.0,0.0,0,0.0,0.0
1950s,1990,Lonesome Town - 1990 Digital Remaster,Ricky Nelson,"rockabilly, doo-wop",50,2.26,False,0.0,0.0,0,0.0,0.0
1950s,1958,Born Too Late,The Poni-Tails,doo-wop,56,2.32,False,-0.121,0.567,136,36.76,58.7
1950s,1959,Donna - Single Version,Ritchie Valens,"doo-wop, rock and roll",61,2.52,False,0.0,0.0,0,0.0,0.0
1950s,1956,Blue Suede Shoes,Elvis Presley,"rockabilly, rock and roll",66,2.04,False,0.014,0.144,244,27.87,119.87
1950s,1961,Great Balls Of Fire,Jerry Lee Lewis,"rockabilly, rock and roll, boogie-woogie",67,1.86,False,0.381,0.64,202,39.6,108.67
1950s,2000,Tequila (Original),The Champs,doo-wop,51,2.17,False,0.0,0.0,0,0.0,0.0
1950s,1956,I've Got You Under My Skin - Remastered 1998,Frank Sinatra,"christmas, big band, adult standards, swing music, jazz, vocal jazz",70,3.73,False,0.0,0.0,0,0.0,0.0
1950s,2005,Stupid Cupid,Connie Francis,schlager,52,2.23,False,-0.308,0.793,267,35.58,119.78
1950s,1958,Don't Be Cruel,Elvis Presley,"rockabilly, rock and roll",55,2.09,False,-0.065,0.638,222,35.59,106.02
1950s,1959,Beyond the Sea,Bobby Darin,"big band, adult standards, swing music, doo-wop",72,2.87,False,0.316,0.664,156,44.87,54.27
1950s,1956,Blue Moon,Billie Holiday,"jazz, vocal jazz, jazz blues, big band",68,3.46,False,0.229,0.5,189,29.63,54.56
1950s,1959,La Bamba - Single Version,Ritchie Valens,"doo-wop, rock and roll",66,2.12,False,0.0,0.0,0,0.0,0.0
1950s,1956,My Funny Valentine,Chet Baker,"jazz, cool jazz, vocal jazz",66,2.35,False,0.034,0.545,71,70.42,30.18
1950s,1953,Sh-Boom (Life Could Be a Dream),The Crew Cuts,doo-wop,52,2.82,False,0.252,0.657,342,21.93,121.46
1950s,2004,Mr. Lonely,Bobby Vinton,"doo-wop, adult standards",55,2.69,False,0.019,0.644,124,40.32,46.1
1950s,1956,Cheek To Cheek,Ella Fitzgerald,"vocal jazz, jazz, swing music, jazz blues, big band, christmas",65,5.89,False,0.216,0.392,238,30.67,40.42
1950s,1958,Come Fly With Me - Remastered 1998,Frank Sinatra,"christmas, big band, adult standards, swing music, jazz, vocal jazz",68,3.32,False,0.0,0.0,0,0.0,0.0
1950s,1957,"Hallelujah, I Love Her So",Ray Charles,"jazz blues, soul, soul blues, blues, classic soul, vocal jazz",65,2.59,False,0.154,0.446,275,34.55,106.11
1950s,2012,Lollipop,The Chordettes,doo-wop,40,2.15,False,0.017,0.637,196,34.69,91.16
1950s,1959,What A Diff'rence A Day Made,Dinah Washington,"vocal jazz, jazz, jazz blues",67,2.53,False,-0.007,0.48,95,68.42,37.53
1950s,1989,That's Amore,Dean Martin,"christmas, adult standards, big band, swing music",53,3.14,False,0.185,0.336,246,32.52,78.4
1950s,1954,My Funny Valentine,Frank Sinatra,"christmas, big band, adult standards, swing music, jazz, vocal jazz",61,2.51,False,-0.013,0.496,116,43.1,46.19
1950s,1993,In The Still of the Night,The Five Satins,doo-wop,55,3.13,False,0.369,0.598,138,31.88,44.12
1950s,1958,Misty,Sarah Vaughan,"vocal jazz, jazz",59,3.04,False,0.298,0.454,142,57.75,46.65
1950s,1991,Just A Gigolo - Remastered,Louis Prima,"swing music, big band",50,4.72,False,-0.067,0.805,357,26.89,75.64
1950s,1957,Long Tall Sally (The Thing),Little Richard,"rockabilly, rock and roll, doo-wop, boogie-woogie",63,2.12,False,0.226,0.246,182,31.32,85.7
1950s,2005,Down in Mexico,The Coasters,"doo-wop, rock and roll",55,3.27,False,-0.041,0.409,302,43.05,92.23
1950s,1977,Mannish Boy,Muddy Waters,"blues, classic blues, blues rock, jazz blues, soul blues, country blues",64,5.35,False,0.262,0.484,192,39.58,35.87
1950s,1975,Papa Loves Mambo,Perry Como,"christmas, adult standards",59,2.7,False,0.119,0.469,229,27.95,84.76
1950s,1955,(We're Gonna) Rock Around The Clock,Bill Haley & His Comets,"rockabilly, rock and roll, doo-wop",64,2.16,False,0.0,0.0,0,0.0,0.0
1950s,1957,Tutti Frutti,Little Richard,"rockabilly, rock and roll, doo-wop, boogie-woogie",65,2.4,False,0.013,0.713,257,18.68,106.92
1950s,1956,I Get Along Without You Very Well (Except Sometimes) - Vocal Version,Chet Baker,"jazz, cool jazz, vocal jazz",62,2.99,False,0.333,0.352,144,52.08,48.1
1950s,1957,Mess Around,Ray Charles,"jazz blues, soul, soul blues, blues, classic soul, vocal jazz",60,2.67,False,-0.155,0.176,204,36.27,76.39
1950s,2013,Venus - Bonus Track,Frankie Avalon,doo-wop,34,2.37,False,0.0,0.0,0,0.0,0.0
1950s,1989,"The Theme from ""A Summer Place""",Percy Faith & His Orchestra,orchestral,60,2.38,False,0.0,0.0,0,0.0,0.0
1950s,1975,Catch a Falling Star (with Mitchell Ayres and His Orchestra & The Ray Charles Singers),Perry Como,"christmas, adult standards",57,2.5,False,0.0,0.0,0,0.0,0.0
1950s,1958,Everyday,Buddy Holly,"rockabilly, rock and roll, doo-wop",63,2.15,False,0.311,0.634,144,29.17,66.91
1950s,1997,Sixteen Tons,Tennessee Ernie Ford,"christian country, classic country",58,2.64,False,0.062,0.34,293,38.23,111.05
1950s,1959,A Teenager In Love,Dion & The Belmonts,"doo-wop, rock and roll",64,2.64,False,0.197,0.575,241,29.88,91.37
1950s,1958,Summertime,Ella Fitzgerald,"vocal jazz, jazz, swing music, jazz blues, big band, christmas",66,4.97,False,0.195,0.656,124,45.16,24.96
1950s,1993,Mr. Blue,The Fleetwoods,"doo-wop, adult standards",50,2.42,False,0.081,0.338,201,40.8,83.1
1950s,1954,Earth Angel,The Penguins,doo-wop,59,2.85,False,0.533,0.525,164,25.0,57.52
1950s,1958,Volare (Nel Blu Di Pinto Di Blu) - Remastered 1998,Dean Martin,"christmas, adult standards, big band, swing music",67,3.03,False,0.0,0.0,0,0.0,0.0
1950s,1954,Unforgettable,Nat King Cole,"christmas, adult standards, vocal jazz",72,3.2,False,0.671,0.879,93,48.39,29.07
1950s,1958,You Send Me - Mono,Sam Cooke,"motown, soul, classic soul",60,2.76,False,0.0,0.0,0,0.0,0.0
1950s,1959,"What'd I Say, Pt. 1 & 2",Ray Charles,"jazz blues, soul, soul blues, blues, classic soul, vocal jazz",61,5.12,False,0.385,0.526,560,16.25,109.43
1950s,1959,Roll Over Beethoven,Chuck Berry,"rockabilly, rock and roll",61,2.41,False,-0.058,0.399,243,50.21,100.83
1950s,1957,Dream a Little Dream of Me (with Paul Weston & His Music From Hollywood),Doris Day,"adult standards, big band",59,3.72,False,0.0,0.0,0,0.0,0.0
1950s,1956,You Make Me Feel So Young - Remastered 1998,Frank Sinatra,"christmas, big band, adult standards, swing music, jazz, vocal jazz",68,2.96,False,0.0,0.0,0,0.0,0.0
1950s,1969,Lucille,Little Richard,"rockabilly, rock and roll, doo-wop, boogie-woogie",57,2.4,False,0.299,0.402,163,36.2,68.0
1950s,2012,Money (That's What I Want),Barrett Strong,"motown, northern soul, classic soul",39,2.67,False,0.325,0.564,277,20.58,103.7
1950s,1961,Smile,Nat King Cole,"christmas, adult standards, vocal jazz",61,2.89,False,0.25,0.293,122,53.28,42.25
1950s,1959,I Wonder Why,Dion & The Belmonts,"doo-wop, rock and roll",57,2.36,False,0.459,0.666,142,35.21,60.26
1950s,1966,Only You (And You Alone),The Platters,doo-wop,49,2.77,False,0.229,0.855,121,36.36,43.61
1950s,2012,Rags to Riches,Tony Bennett,"vocal jazz, christmas, big band, adult standards, jazz",42,2.79,False,0.189,0.6,139,53.24,49.85
1950s,1957,Rip It Up,Little Richard,"rockabilly, rock and roll, doo-wop, boogie-woogie",55,2.36,False,0.23,0.497,351,21.08,148.94
1950s,1966,Diana,Paul Anka,adult standards,53,2.34,False,0.292,0.608,184,44.57,78.56
1950s,1956,Love Is Here To Stay - Remastered 1998,Frank Sinatra,"christmas, big band, adult standards, swing music, jazz, vocal jazz",63,2.71,False,0.0,0.0,0,0.0,0.0
1950s,1957,Strange Fruit,Billie Holiday,"jazz, vocal jazz, jazz blues, big band",57,3.21,False,-0.024,0.367,91,60.44,28.31
1950s,1959,"Come On, Let's Go",Ritchie Valens,"doo-wop, rock and roll",60,2.08,False,0.175,0.599,184,25.54,88.61
1950s,2008,"Good Golly, Miss Molly",Little Richard,"rockabilly, rock and roll, doo-wop, boogie-woogie",47,2.14,False,0.465,0.611,183,33.88,85.36
1950s,1958,Sweet Little Sixteen,Chuck Berry,"rockabilly, rock and roll",60,3.01,False,0.033,0.461,269,39.03,89.3
1950s,1957,Pennies From Heaven,Louis Prima,"swing music, big band",64,2.36,False,0.15,0.591,238,39.92,100.8
1950s,1958,16 Candles,The Crests,doo-wop,41,2.91,False,0.415,0.653,147,34.69,50.5
1950s,1996,Walkin' After Midnight,Patsy Cline,classic country,54,2.6,False,0.5,0.6,166,36.14,63.94
1950s,1956,I Walk The Line - Single Version,Johnny Cash,"classic country, outlaw country, country",43,2.72,False,0.0,0.0,0,0.0,0.0
1950s,2004,Dream Lover,Bobby Darin,"big band, adult standards, swing music, doo-wop",58,2.51,False,0.368,0.768,277,27.44,110.28
1950s,1991,Buona Sera - Remastered 1991,Louis Prima,"swing music, big band",48,3.12,False,0.0,0.0,0,0.0,0.0
1950s,2004,Wonderful! Wonderful! (with Ray Conniff & His Orchestra & Chorus) - Single Version,Johnny Mathis,christmas,39,2.83,False,0.0,0.0,0,0.0,0.0
1950s,1959,Blue Skies,Ella Fitzgerald,"vocal jazz, jazz, swing music, jazz blues, big band, christmas",59,3.77,False,0.301,0.445,102,45.1,27.04
1950s,2003,Oh! Carol,Neil Sedaka,"doo-wop, adult standards",46,2.26,False,0.237,0.738,152,30.26,67.17
1950s,1952,Lovesick Blues,Hank Williams,"classic country, honky tonk, traditional country, outlaw country, country, christian country",49,2.75,False,0.332,0.693,303,27.72,110.0
1950s,2003,I Don't Know,Ruth Brown,"boogie-woogie, jazz blues, swing music, rockabilly, blues",53,2.9,False,0.145,0.428,221,33.03,76.32
1950s,2000,A Teenager's Romance,Ricky Nelson,"rockabilly, doo-wop",48,2.35,False,0.133,0.432,165,31.52,70.33
1950s,1962,I Can't Stop Loving You - 2024 Remaster,Ray Charles,"jazz blues, soul, soul blues, blues, classic soul, vocal jazz",63,4.27,False,0.0,0.0,0,0.0,0.0
1950s,1956,My Prayer,The Platters,doo-wop,55,2.8,False,0.031,0.388,116,60.34,41.48
1950s,1997,They Can't Take That Away From Me,Ella Fitzgerald,"vocal jazz, jazz, swing music, jazz blues, big band, christmas",54,4.67,False,0.3,0.571,317,20.5,67.93
1950s,1958,Reet Petite,Jackie Wilson,"motown, northern soul, classic soul, soul, doo-wop",54,2.82,False,0.355,0.488,307,26.38,108.84
1950s,2001,You Belong To Me,Jo Stafford,adult standards,55,3.21,False,0.214,0.429,130,43.85,40.51
1950s,1952,Good Morning,Gene Kelly,musicals,41,4.24,False,0.549,0.566,198,40.4,46.69
1950s,1998,"Hey, Good Lookin'",Hank Williams,"classic country, honky tonk, traditional country, outlaw country, country, christian country",49,2.9,False,0.272,0.524,177,55.37,60.93
1960s,1967,Respect,Aretha Franklin,"soul, motown, classic soul, jazz blues",74,2.46,False,-0.215,0.533,368,22.28,149.59
1960s,1964,Walk on By,Dionne Warwick,,67,2.97,False,0.008,0.205,279,22.58,93.87
1960s,1966,You Can't Hurry Love,The Supremes,"motown, northern soul, classic soul, soul",71,2.8,False,0.316,0.636,401,25.69,143.27
1960s,1965,Dancing In The Street,Martha Reeves & The Vandellas,"motown, northern soul, classic soul, soul",62,2.75,False,0.201,0.51,313,29.07,113.66
1960s,1968,I Say a Little Prayer,Aretha Franklin,"soul, motown, classic soul, jazz blues",77,3.61,False,0.196,0.633,438,20.09,121.23
1960s,2010,It's In The Kiss (The Shoop Shoop Song),Betty Everett,"northern soul, doo-wop, motown",52,2.16,False,0.392,0.396,299,19.73,138.26
1960s,1963,You Don't Own Me,Lesley Gore,,70,2.5,False,0.338,0.643,230,26.09,92.0
1960s,1966,California Dreamin' - Single Version,The Mamas & The Papas,folk rock,79,2.71,False,0.0,0.0,0,0.0,0.0
1960s,1969,Both Sides Now,Joni Mitchell,"folk, folk rock, singer-songwriter",62,4.56,False,0.273,0.441,281,42.35,61.63
1960s,2009,Piece of My Heart,Erma Franklin,"classic soul, northern soul, soul, motown",57,2.62,False,0.017,0.569,266,33.08,101.48
1960s,1967,Happy Together,The Turtles,,76,2.94,False,0.491,0.823,282,25.18,95.98
1960s,1964,Be My Baby,The Ronettes,christmas,81,2.68,False,0.079,0.859,267,25.84,99.56
1960s,1962,Stand By Me,Ben E. King,,79,2.92,False,-0.156,0.613,163,33.13,55.73
1960s,1967,Ain't No Mountain High Enough,Marvin Gaye,"motown, classic soul, soul, northern soul, quiet storm",84,2.53,False,0.019,0.463,296,32.09,117.1
1960s,1967,Can't Take My Eyes off You,Frankie Valli,,80,3.39,False,0.291,0.587,290,28.97,85.43
1960s,2021,Hit the Road Jack,Ray Charles,"jazz blues, soul, soul blues, blues, classic soul, vocal jazz",69,2.0,False,-0.145,0.344,368,19.02,184.18
1960s,1967,Somethin' Stupid,Frank Sinatra,"christmas, big band, adult standards, swing music, jazz, vocal jazz",79,2.71,False,0.097,0.516,229,42.79,84.56
1960s,1961,Can't Help Falling in Love,Elvis Presley,"rockabilly, rock and roll",82,3.1,False,0.418,0.68,117,38.46,37.77
1960s,1987,These Boots Are Made for Walkin',Nancy Sinatra,,53,2.71,False,0.426,0.501,197,41.62,72.58
1960s,1987,House of the Rising Sun,The Animals,classic rock,80,4.5,False,0.035,0.543,161,48.45,35.79
1960s,2000,Put Your Head On My Shoulder,Paul Anka,adult standards,69,2.58,False,0.256,0.462,143,41.96,55.45
1960s,1969,My Way,Frank Sinatra,"christmas, big band, adult standards, swing music, jazz, vocal jazz",78,4.61,False,0.245,0.537,252,48.41,54.62
1960s,1964,The Girl From Ipanema,Stan Getz,"bossa nova, jazz, brazilian jazz, cool jazz, latin jazz",70,5.34,False,0.209,0.693,302,38.74,56.58
1960s,1969,Here Comes The Sun - Remastered 2009,The Beatles,"classic rock, psychedelic rock",83,3.1,False,0.0,0.0,0,0.0,0.0
1960s,1966,"Paint It, Black",The Rolling Stones,"classic rock, rock",83,3.37,False,-0.042,0.377,340,32.65,100.86
1960s,1962,"Oh, Pretty Woman",Roy Orbison,rockabilly,75,2.98,False,0.25,0.767,186,46.24,62.37
1960s,1965,L-O-V-E,Nat King Cole,"christmas, adult standards, vocal jazz",75,2.59,False,0.353,0.64,158,29.75,61.04
1960s,1966,Wouldn't It Be Nice - Mono,The Beach Boys,baroque pop,47,2.43,False,0.0,0.0,0,0.0,0.0
1960s,1973,Hey Jude - Remastered 2009,The Beatles,"classic rock, psychedelic rock",58,7.19,False,0.0,0.0,0,0.0,0.0
1960s,1962,Fly Me To The Moon (In Other Words),Frank Sinatra,"christmas, big band, adult standards, swing music, jazz, vocal jazz",74,2.45,False,0.0,0.0,0,0.0,0.0
1960s,1968,I'd Rather Go Blind,Etta James,"soul, jazz blues, soul blues, blues, vocal jazz",78,2.61,False,0.054,0.539,166,43.37,63.58
1960s,1964,You Really Got Me,The Kinks,"proto-punk, baroque pop",72,2.23,False,0.186,0.273,244,14.34,109.31
1960s,1969,Fortunate Son,Creedence Clearwater Revival,"classic rock, southern rock, country rock",82,2.35,False,0.068,0.449,233,31.33,99.31
1960s,1968,Blackbird - Remastered 2009,The Beatles,"classic rock, psychedelic rock",78,2.31,False,0.0,0.0,0,0.0,0.0
1960s,1966,Strangers In The Night,Frank Sinatra,"christmas, big band, adult standards, swing music, jazz, vocal jazz",74,2.63,False,0.333,0.523,151,48.34,57.39
1960s,1990,Unchained Melody,The Righteous Brothers,,63,3.6,False,0.174,0.532,124,35.48,34.4
1960s,1969,Sweet Caroline,Neil Diamond,,77,3.39,False,0.466,0.641,150,50.0,44.21
1960s,2021,Bang Bang,Nancy Sinatra,,67,2.69,False,-0.401,0.678,337,64.39,125.29
1960s,1963,Twist And Shout - Remastered 2009,The Beatles,"classic rock, psychedelic rock",75,2.59,False,0.0,0.0,0,0.0,0.0
1960s,1963,Surfin' U.S.A. - Remastered 2001,The Beach Boys,baroque pop,69,2.49,False,-0.007,0.092,208,43.75,83.55
1960s,1994,The End of the World,Skeeter Davis,,66,2.63,False,0.3,0.385,164,38.41,62.45
1960s,1964,You Never Can Tell,Chuck Berry,"rockabilly, rock and roll",71,2.7,False,0.09,0.301,240,42.08,88.94
1960s,1965,It's Not Unusual,Tom Jones,,71,2.0,False,0.038,0.833,153,43.79,76.63
1960s,1965,Yesterday - Remastered 2009,The Beatles,"classic rock, psychedelic rock",77,2.09,False,0.01,0.596,133,46.62,63.5
1960s,1967,People Are Strange,The Doors,"psychedelic rock, classic rock, acid rock",73,2.17,False,-0.111,0.253,154,20.78,70.98
1960s,1963,You'll Never Walk Alone - Stereo; 1997 Remaster,Gerry & The Pacemakers,,55,2.74,False,0.0,0.0,0,0.0,0.0
1960s,1967,Build Me Up Buttercup - Mono,The Foundations,,75,3.0,False,0.0,0.0,0,0.0,0.0
1960s,1968,Sympathy For The Devil - 50th Anniversary Edition,The Rolling Stones,"classic rock, rock",74,6.3,False,0.0,0.0,0,0.0,0.0
1960s,1965,I Put A Spell On You,Nina Simone,"vocal jazz, jazz blues, soul, soul jazz, jazz, blues",70,2.58,False,0.391,0.528,124,36.29,47.99
1960s,1969,Suspicious Minds,Elvis Presley,"rockabilly, rock and roll",75,4.39,False,0.335,0.414,337,24.04,76.84
1960s,1969,Space Oddity - 2015 Remaster,David Bowie,"glam rock, art rock",74,5.3,False,0.066,0.448,224,50.45,42.26
1960s,1968,Spooky,Dusty Springfield,,71,2.74,False,-0.002,0.61,199,50.75,72.73
1960s,1971,(I Can't Get No) Satisfaction - Mono,The Rolling Stones,"classic rock, rock",53,3.71,False,0.0,0.0,0,0.0,0.0
1960s,1965,My Girl,The Temptations,"motown, classic soul, soul",80,2.75,False,-0.133,0.417,208,34.13,75.64
1960s,1966,I Got You (I Feel Good),James Brown & The Famous Flames,,69,2.76,False,0.561,0.813,201,18.41,72.74
1960s,1968,Time of the Season - Mono Remastered,The Zombies,"baroque pop, psychedelic rock",70,3.51,False,0.0,0.0,0,0.0,0.0
1960s,1963,It's My Party,Lesley Gore,,63,2.33,False,0.1,0.075,261,27.2,111.86
1960s,2014,Everybody Loves Somebody,Dean Martin,"christmas, adult standards, big band, swing music",44,2.74,False,0.433,0.433,152,42.11,55.46
1960s,1964,I Get Around (Mono),The Beach Boys,baroque pop,65,2.24,False,-0.054,0.451,335,26.27,149.57
1960s,1960,At Last,Etta James,"soul, jazz blues, soul blues, blues, vocal jazz",77,2.99,False,0.22,0.31,100,57.0,33.39
1960s,1968,What A Wonderful World,Louis Armstrong,"jazz, swing music, big band, vocal jazz, jazz blues",78,2.32,False,0.414,0.564,125,56.0,53.87
1960s,1965,Like a Rolling Stone,Bob Dylan,"folk rock, folk, singer-songwriter, roots rock, country rock",73,6.2,False,0.169,0.581,420,43.1,67.79
1960s,1969,Whole Lotta Love - 1990 Remaster,Led Zeppelin,"classic rock, rock, hard rock, rock and roll",77,5.56,False,0.0,0.0,0,0.0,0.0
1960s,1969,Who's Lovin' You,The Jackson 5,"motown, christmas",64,3.93,False,-0.12,0.623,230,30.87,58.56
1960s,1965,Sinnerman,Nina Simone,"vocal jazz, jazz blues, soul, soul jazz, jazz, blues",63,10.37,False,-0.294,0.289,550,12.0,53.05
1960s,1961,Jump in the Line,Harry Belafonte,calypso,69,3.7,False,0.261,0.44,463,19.87,125.3
1960s,1967,Brown Eyed Girl,Van Morrison,,78,3.11,False,-0.088,0.394,200,50.0,64.32
1960s,1966,Sunny,Bobby Hebb,"northern soul, classic soul",66,2.75,False,0.387,0.529,234,35.9,85.06
1960s,1969,Maybe,Janis Joplin,"classic rock, acid rock, psychedelic rock",59,3.7,False,-0.009,0.343,157,45.86,42.47
1960s,1960,A Sunday Kind Of Love,Etta James,"soul, jazz blues, soul blues, blues, vocal jazz",72,3.27,False,0.393,0.653,194,41.75,59.35
1960s,1963,Blowin' in the Wind,Bob Dylan,"folk rock, folk, singer-songwriter, roots rock, country rock",70,2.81,False,0.432,0.499,189,39.15,67.2
1960s,2011,Venus,Shocking Blue,nederpop,47,3.13,False,0.042,0.656,150,33.33,47.99
1960s,2007,Black Magic Woman,Santana,,62,3.26,False,0.055,0.557,127,38.58,38.9
1960s,1961,Let's Twist Again,Chubby Checker,rock and roll,68,2.29,False,0.047,0.266,231,32.9,100.9
1960s,2011,Something's Got A Hold On Me,Etta James,"soul, jazz blues, soul blues, blues, vocal jazz",68,2.83,False,0.345,0.535,389,25.96,137.5
1960s,1967,Break on Through (To the Other Side),The Doors,"psychedelic rock, classic rock, acid rock",71,2.43,False,-0.03,0.421,187,34.76,76.92
1960s,1967,These Days,Nico,"proto-punk, art rock",66,3.51,False,0.012,0.343,168,46.43,47.85
1960s,1987,Surfin' Bird,The Trashmen,"surf rock, proto-punk",55,2.29,False,0.0,0.0,465,5.59,203.45
1960s,2000,Puppy Love - Remix,Paul Anka,adult standards,41,2.73,False,0.0,0.0,0,0.0,0.0
1960s,1966,God Only Knows - Mono,The Beach Boys,baroque pop,62,2.88,False,0.107,0.872,230,22.17,79.75
1960s,1968,Born To Be Wild - Single Version,Steppenwolf,"classic rock, acid rock",75,3.55,False,0.0,0.0,0,0.0,0.0
1960s,1968,"Mrs. Robinson - From ""The Graduate"" Soundtrack",Simon & Garfunkel,"folk rock, folk",74,4.12,False,0.0,0.0,0,0.0,0.0
1960s,1968,For Once In My Life,Stevie Wonder,"motown, classic soul, soul",72,2.83,False,0.268,0.538,296,23.65,104.59
1960s,1967,Beggin',The Four Seasons,,54,2.84,False,0.236,0.668,230,41.74,80.88
1960s,1967,Light My Fire,The Doors,"psychedelic rock, classic rock, acid rock",70,7.16,False,0.336,0.7,209,23.92,29.18
1960s,2011,Then He Kissed Me,The Crystals,"doo-wop, motown",61,2.65,False,0.508,0.713,228,39.47,86.12
1960s,2017,"B-A-B-Y (From ""Baby Driver"")",Carla Thomas,"soul, classic soul, motown, northern soul",32,2.89,False,0.0,0.0,0,0.0,0.0
1960s,1969,Sugar Sugar,The Archies,,64,2.79,False,0.121,0.604,238,24.37,85.4
1960s,1968,(Sittin' On) the Dock of the Bay,Otis Redding,"motown, soul, classic soul, soul blues",60,2.78,False,0.027,0.15,203,42.86,73.01
1960s,1969,You Can't Always Get What You Want,The Rolling Stones,"classic rock, rock",69,7.48,False,0.048,0.642,484,25.41,64.72
1960s,1966,For What It's Worth,Buffalo Springfield,"folk rock, country rock",78,2.56,False,0.161,0.453,212,46.7,82.76
1960s,2014,Nights In White Satin - Single Version,The Moody Blues,"progressive rock, art rock, blues, psychedelic rock, baroque pop",50,4.43,False,0.441,0.529,175,33.14,39.53
1960s,1968,Viva Las Vegas,Elvis Presley,"rockabilly, rock and roll",60,2.4,False,0.289,0.519,252,54.76,104.8
1960s,1997,All Along the Watchtower,Jimi Hendrix,"psychedelic rock, classic rock, acid rock, blues rock",54,3.98,False,0.097,0.55,162,66.05,40.73
1960s,1969,Gimme Shelter,The Rolling Stones,"classic rock, rock",77,4.51,False,0.095,0.5,246,23.98,54.51
1960s,1963,In Dreams,Roy Orbison,rockabilly,60,2.82,False,0.107,0.731,135,57.78,47.88
1960s,1964,The Times They Are A-Changin',Bob Dylan,"folk rock, folk, singer-songwriter, roots rock, country rock",68,3.28,False,0.08,0.231,258,50.39,78.57
1960s,1967,Sunday Morning,The Velvet Underground,"proto-punk, art rock",64,2.93,False,-0.206,0.475,131,39.69,44.69
1960s,1964,Don't Worry Baby - Remastered 2001,The Beach Boys,baroque pop,65,2.83,False,0.0,0.0,0,0.0,0.0
1960s,1960,I Just Want To Make Love To You - Single Version,Etta James,"soul, jazz blues, soul blues, blues, vocal jazz",64,3.09,False,0.0,0.0,0,0.0,0.0
1970s,1979,Gimme! Gimme! Gimme! (A Man After Midnight),ABBA,,82,4.88,False,-0.026,0.501,313,27.16,64.18
1970s,2014,September,"Earth, Wind & Fire","funk, disco",65,3.58,False,0.282,0.604,265,29.81,73.93
1970s,1975,Born to Run,Bruce Springsteen,,73,4.5,False,0.053,0.374,367,51.77,81.58
1970s,1973,Burning Love,Elvis Presley,"rockabilly, rock and roll",76,2.86,False,0.399,0.595,281,30.96,98.29
1970s,1979,Voulez-Vous,ABBA,,72,5.15,False,0.082,0.365,369,23.85,71.61
1970s,1978,Da Ya Think I'm Sexy?,Rod Stewart,soft rock,75,5.52,False,0.084,0.444,381,34.38,68.99
1970s,1979,Boys Don't Cry,The Cure,"new wave, post-punk, gothic rock, darkwave",80,2.6,False,0.216,0.419,212,41.04,81.55
1970s,1977,Vienna,Billy Joel,soft rock,84,3.57,False,-0.01,0.568,309,38.83,86.54
1970s,1972,Alone Again (Naturally),Gilbert O'Sullivan,,72,3.69,False,0.075,0.467,292,59.59,79.14
1970s,1975,Mamma Mia,ABBA,,79,3.55,False,0.039,0.413,334,32.04,93.97
1970s,1976,Young Hearts Run Free,Candi Staton,,71,4.14,False,0.311,0.573,422,27.49,101.95
1970s,1979,I Was Made For Lovin' You,KISS,"glam rock, glam metal, hard rock, rock, classic rock",85,4.52,False,0.064,0.514,354,16.1,78.31
1970s,1977,The Chain - 2004 Remaster,Fleetwood Mac,"classic rock, yacht rock, soft rock",87,4.5,False,0.181,0.578,268,16.79,59.51
1970s,2006,Heart Of Glass,Blondie,,66,4.2,False,0.168,0.623,210,40.48,49.96
1970s,1979,Rock with You - Single Version,Michael Jackson,,82,3.67,False,0.233,0.578,279,29.03,76.12
1970s,1978,Hopelessly Devoted To You - From “Grease”,Olivia Newton-John,,77,3.09,False,0.0,0.0,0,0.0,0.0
1970s,1977,More Than A Woman,Bee Gees,disco,53,3.27,False,0.408,0.539,302,37.75,92.24
1970s,2014,Hold the Line,TOTO,"yacht rock, soft rock",53,3.94,False,0.44,0.56,315,14.29,80.05
1970s,1979,Boogie Wonderland (with The Emotions),"Earth, Wind & Fire","funk, disco",80,4.81,False,0.0,0.0,0,0.0,0.0
1970s,1973,Knockin' On Heaven's Door,Bob Dylan,"folk rock, folk, singer-songwriter, roots rock, country rock",82,2.5,False,-0.134,0.384,136,32.35,54.44
1970s,1972,Starman - 2012 Remaster,David Bowie,"glam rock, art rock",80,4.24,False,0.0,0.0,0,0.0,0.0
1970s,1977,Dreams - 2004 Remaster,Fleetwood Mac,"classic rock, yacht rock, soft rock",89,4.3,False,0.0,0.0,0,0.0,0.0
1970s,1979,Don't Stop 'Til You Get Enough,Michael Jackson,,80,6.07,False,0.142,0.543,786,12.72,129.4
1970s,1976,Dancing Queen,ABBA,,85,3.84,False,0.169,0.58,219,38.36,57.03
1970s,1977,Mr. Blue Sky,Electric Light Orchestra,"art rock, soft rock",80,5.06,False,0.048,0.425,304,35.53,60.04
1970s,1978,You're The One That I Want - From “Grease”,John Travolta,musicals,79,2.83,False,0.0,0.0,0,0.0,0.0
1970s,1979,Message In A Bottle,The Police,,78,4.84,False,0.241,0.577,356,26.97,73.58
1970s,1978,Is This Love,Bob Marley & The Wailers,"reggae, roots reggae",79,3.87,False,0.362,0.521,323,18.27,83.46
1970s,1979,Angeleyes,ABBA,,70,4.35,False,-0.006,0.417,382,29.84,87.85
1970s,1977,Stayin' Alive,Bee Gees,disco,72,1.55,False,0.147,0.437,444,20.95,286.86
1970s,1998,"Yes Sir, I Can Boogie",Baccara,disco,65,4.56,False,-0.021,0.559,278,26.98,60.91
1970s,1978,Roxanne,The Police,,79,3.2,False,0.177,0.374,303,22.11,94.71
1970s,1975,I'm Not In Love,10cc,"yacht rock, art rock, glam rock",79,6.11,False,-0.008,0.474,261,28.74,42.71
1970s,1976,Sunny,Boney M.,disco,70,4.04,False,0.393,0.537,239,33.89,59.2
1970s,1976,Somebody To Love - Remastered 2011,Queen,"classic rock, rock, glam rock",76,4.94,False,0.286,0.548,443,26.41,89.65
1970s,1973,Make Your Own Kind Of Music,Cass Elliot,,69,2.33,False,0.479,0.84,169,39.05,72.67
1970s,1969,I Want You Back,The Jackson 5,"motown, christmas",78,2.94,False,0.123,0.347,382,29.06,129.98
1970s,1977,Psycho Killer,Talking Heads,"new wave, post-punk",80,4.34,False,0.188,0.574,244,36.89,56.2
1970s,1975,Don't Go Breaking My Heart,Elton John,,80,4.59,False,0.154,0.564,389,17.99,84.74
1970s,1978,Don't Stop Me Now - Remastered 2011,Queen,"classic rock, rock, glam rock",83,3.49,False,0.0,0.0,0,0.0,0.0
1970s,1973,Come and Get Your Love - Single Version,Redbone,native american music,81,3.43,False,0.0,0.0,0,0.0,0.0
1970s,1970,Have You Ever Seen The Rain,Creedence Clearwater Revival,"classic rock, southern rock, country rock",86,2.67,False,-0.136,0.485,158,39.87,59.2
1970s,1973,Piano Man,Billy Joel,soft rock,85,5.65,False,0.194,0.485,385,44.42,68.14
1970s,1979,Hot Stuff,Donna Summer,"disco, hi-nrg",70,5.25,False,0.273,0.78,344,21.8,65.57
1970s,1975,Bohemian Rhapsody - Remastered 2011,Queen,"classic rock, rock, glam rock",82,5.91,False,0.039,0.469,384,41.15,65.03
1970s,1978,Sultans Of Swing,Dire Straits,classic rock,84,5.81,False,0.123,0.41,286,54.55,49.25
1970s,1979,"Stayin' Alive - From ""Saturday Night Fever"" Soundtrack",Bee Gees,disco,80,4.76,False,0.0,0.0,0,0.0,0.0
1970s,1979,Highway to Hell,AC/DC,"rock, hard rock, classic rock, rock and roll",86,3.47,False,-0.001,0.509,218,35.78,62.85
1970s,1980,Video Killed The Radio Star,The Buggles,,64,4.23,False,-0.113,0.131,324,29.01,76.6
1970s,1974,Killer Queen - Remastered 2011,Queen,"classic rock, rock, glam rock",49,2.99,False,0.144,0.51,219,52.97,73.16
1970s,1973,Dream On,Aerosmith,"classic rock, rock",84,4.46,False,0.364,0.472,277,30.32,62.11
1970s,1979,"Another Brick in the Wall, Pt. 2",Pink Floyd,"progressive rock, psychedelic rock, classic rock, art rock, rock",81,3.98,False,-0.329,0.725,199,24.62,49.97
1970s,1977,Heroes - 2017 Remaster,David Bowie,"glam rock, art rock",76,6.19,False,0.0,0.0,0,0.0,0.0
1970s,1979,Escape (The Pina Colada Song),Rupert Holmes,yacht rock,75,4.61,False,0.12,0.438,398,34.67,86.37
1970s,1973,Rock 'n' Roll (Part 2),Gary Glitter,glam rock,62,3.22,False,0.128,0.516,321,26.79,99.66
1970s,1978,What You Won't Do for Love,Bobby Caldwell,yacht rock,73,4.77,False,0.279,0.588,242,27.69,50.68
1970s,1978,One Way Or Another - Remastered 2001,Blondie,,73,3.59,False,0.0,0.0,0,0.0,0.0
1970s,1976,Hotel California - 2013 Remaster,Eagles,"classic rock, yacht rock, soft rock",85,6.52,False,0.0,0.0,236,70.76,36.18
1970s,1971,Ain't No Sunshine,Bill Withers,soul,83,2.11,False,-0.09,0.6,183,23.5,86.83
1970s,1971,Imagine - Remastered 2010,John Lennon,christmas,78,3.13,False,0.0,0.0,0,0.0,0.0
1970s,1978,Blame It on the Boogie,The Jacksons,"disco, motown, philly soul",72,3.59,False,0.399,0.599,505,21.39,140.72
1970s,1979,Breakfast In America - Remastered 2010,Supertramp,"progressive rock, classic rock",74,2.66,False,0.0,0.0,0,0.0,0.0
1970s,1971,American Pie,Don McLean,,79,8.61,False,0.153,0.459,947,34.53,109.93
1970s,1977,Jamming,Bob Marley & The Wailers,"reggae, roots reggae",76,3.52,False,0.288,0.481,378,29.89,107.49
1970s,1970,Love Grows (Where My Rosemary Goes),Edison Lighthouse,,73,2.91,False,0.274,0.679,240,34.58,82.4
1970s,1978,Grease - From “Grease”,Frankie Valli,,61,3.43,False,0.0,0.0,0,0.0,0.0
1970s,2001,Wish You Were Here,Pink Floyd,"progressive rock, psychedelic rock, classic rock, art rock, rock",50,5.35,False,0.035,0.491,143,62.94,26.72
1970s,1978,Summer Nights - From “Grease”,John Travolta,musicals,72,3.62,False,0.0,0.0,0,0.0,0.0
1970s,1994,Daddy Cool,Boney M.,disco,54,3.43,False,0.075,0.657,121,15.7,35.23
1970s,1970,(They Long To Be) Close To You,Carpenters,"christmas, adult standards",70,4.57,False,0.033,0.391,214,28.5,46.87
1970s,1978,Right Down the Line,Gerry Rafferty,yacht rock,75,4.46,False,0.154,0.543,262,40.84,58.71
1970s,2009,You Should Be Dancing,Bee Gees,disco,62,4.27,False,0.145,0.245,227,18.5,53.11
1970s,1974,Hooked On A Feeling,Blue Swede,,74,2.88,False,0.331,0.546,246,32.11,85.38
1970s,1973,Goodbye Yellow Brick Road - Remastered 2014,Elton John,,77,3.21,False,0.0,0.0,0,0.0,0.0
1970s,1977,The Passenger,Iggy Pop,"proto-punk, glam rock",73,4.72,False,0.392,0.481,396,20.71,83.85
1970s,1973,Free Bird,Lynyrd Skynyrd,"southern rock, classic rock, rock",57,9.32,False,0.255,0.592,184,37.5,19.75
1970s,1979,Tragedy,Bee Gees,disco,70,5.06,False,0.003,0.503,446,16.14,88.22
1970s,1976,More Than a Feeling,Boston,"classic rock, aor",80,4.75,False,0.276,0.449,226,34.07,47.56
1970s,1980,Crazy Little Thing Called Love - Remastered 2011,Queen,"classic rock, rock, glam rock",78,2.72,False,0.027,0.609,239,30.96,87.77
1970s,1972,A Horse with No Name,America,"yacht rock, soft rock, folk rock",81,4.2,False,0.282,0.548,377,29.71,89.68
1970s,1977,Ma Baker,Boney M.,disco,67,4.6,False,0.051,0.411,445,33.26,96.71
1970s,1972,"Rocket Man (I Think It's Going To Be A Long, Long Time)",Elton John,,83,4.69,False,-0.05,0.43,401,22.94,85.44
1970s,1977,Three Little Birds,Bob Marley & The Wailers,"reggae, roots reggae",79,3.0,False,0.051,0.5,221,20.36,73.56
1970s,1978,Got to Be Real,Cheryl Lynn,"disco, post-disco",69,5.13,False,0.35,0.458,312,11.22,60.79
1970s,1976,T.N.T.,AC/DC,"rock, hard rock, classic rock, rock and roll",81,3.58,False,0.106,0.389,211,34.6,58.86
1970s,1978,Georgy Porgy,TOTO,"yacht rock, soft rock",70,4.13,False,0.077,0.823,539,11.87,130.62
1970s,1978,Le Freak - 2018 Remaster,CHIC,"disco, funk",69,5.52,False,0.0,0.0,0,0.0,0.0
1970s,1977,Dust in the Wind,Kansas,"classic rock, progressive rock, aor",78,3.44,False,-0.006,0.519,134,46.27,38.98
1970s,1978,Can't Stand Losing You,The Police,,66,2.98,False,0.062,0.396,430,22.56,144.33
1970s,1978,Live And Let Die,Wings,,49,3.23,False,0.105,0.485,144,32.64,44.57
1970s,2006,Copacabana (At the Copa),Barry Manilow,"yacht rock, adult standards",70,3.95,False,0.225,0.471,301,41.53,76.28
1970s,1978,Born to Be Alive - The Original,Patrick Hernandez,"disco, hi-nrg",74,3.14,False,0.0,0.0,0,0.0,0.0
1970s,1971,Stairway to Heaven - Remaster,Led Zeppelin,"classic rock, rock, hard rock, rock and roll",81,8.05,False,0.0,0.0,0,0.0,0.0
1970s,1979,The Logical Song - Remastered 2010,Supertramp,"progressive rock, classic rock",77,4.19,False,0.0,0.0,0,0.0,0.0
1970s,1975,Low Rider,War,,72,3.18,False,-0.045,0.411,88,43.18,27.67
1970s,1996,I'm Every Woman,Chaka Khan,,54,4.16,False,0.214,0.45,346,28.03,83.17
1970s,1978,Every 1's a Winner - Single Version,Hot Chocolate,,64,4.82,False,0.0,0.0,0,0.0,0.0
1970s,1972,You're So Vain,Carly Simon,,76,4.31,False,0.107,0.636,378,29.89,87.77
1970s,1970,Let It Be - Remastered 2009,The Beatles,"classic rock, psychedelic rock",79,4.05,False,0.0,0.0,0,0.0,0.0
1970s,1972,Superstition,Stevie Wonder,"motown, classic soul, soul",71,4.44,False,0.071,0.448,162,41.98,36.52
1980s,1984,Born in the U.S.A.,Bruce Springsteen,,76,4.66,False,0.009,0.296,266,43.98,57.04
1980s,1987,"Heaven Is a Place on Earth - Promo 7"" Edit",Belinda Carlisle,,76,3.89,False,0.202,0.435,305,28.52,78.32
1980s,1981,Bette Davis Eyes,Kim Carnes,,80,3.8,False,0.286,0.529,262,32.06,68.95
1980s,1987,Father Figure - Remastered,George Michael,,72,5.61,False,0.0,0.0,0,0.0,0.0
1980s,1985,Material Girl - 2024 Remaster,Madonna,,65,4.04,False,0.102,0.595,351,25.07,86.9
1980s,1989,If I Could Turn Back Time,Cher,,72,4.0,False,0.07,0.336,387,23.51,96.82
1980s,1983,Every Breath You Take,The Police,,92,4.23,False,-0.2,0.486,383,18.8,90.5
1980s,1980,I'm Coming Out,Diana Ross,"motown, disco",72,5.39,False,0.367,0.533,406,19.21,75.34
1980s,2025,"Maniac - From ""Flashdance""",Michael Sembello,,74,4.1,False,0.0,0.0,0,0.0,0.0
1980s,1980,The Winner Takes It All,ABBA,,85,4.91,False,-0.178,0.437,331,44.41,67.39
1980s,1984,Smalltown Boy,Bronski Beat,"synthpop, hi-nrg",78,5.04,False,-0.086,0.655,358,19.55,71.03
1980s,1983,I'm Still Standing,Elton John,,84,3.06,False,0.113,0.523,326,31.9,106.63
1980s,1982,Maneater,Daryl Hall & John Oates,"yacht rock, soft rock",83,4.55,False,0.167,0.614,357,27.73,78.41
1980s,2012,The Way You Make Me Feel - 2012 Remaster,Michael Jackson,,72,4.97,False,0.0,0.0,0,0.0,0.0
1980s,1980,Lay All Your Love On Me,ABBA,,80,4.57,False,0.26,0.584,264,39.39,57.71
1980s,1987,Bamboléo,Gipsy Kings,flamenco,70,3.39,False,0.0,0.0,208,30.77,61.38
1980s,1989,Another Day in Paradise - 2016 Remaster,Phil Collins,soft rock,82,5.37,False,0.0,0.0,0,0.0,0.0
1980s,1986,Boys Don't Cry,The Cure,"new wave, post-punk, gothic rock, darkwave",54,2.58,False,0.216,0.419,212,41.04,82.24
1980s,1998,Enjoy the Silence,Depeche Mode,"new wave, synthpop, darkwave",76,4.25,False,-0.216,0.814,142,40.14,33.39
1980s,1989,Like a Prayer,Madonna,,74,5.68,False,-0.141,0.39,586,15.02,103.15
1980s,1985,Everybody Wants To Rule The World,Tears For Fears,"new wave, synthpop",88,4.19,False,0.242,0.418,170,54.71,40.56
1980s,1980,Could You Be Loved,Bob Marley & The Wailers,"reggae, roots reggae",83,3.95,False,0.516,0.747,330,29.09,83.54
1980s,1985,Take on Me,a-ha,"new wave, synthpop",87,3.75,False,0.056,0.625,213,30.99,56.73
1980s,1998,Your Love,The Outfield,,76,3.7,False,0.34,0.571,289,35.29,78.16
1980s,1986,(I Just) Died In Your Arms,Cutting Crew,,81,4.67,False,0.257,0.713,328,35.98,70.19
1980s,1985,Running Up That Hill (A Deal With God),Kate Bush,"art pop, baroque pop, art rock",86,4.98,False,-0.094,0.887,417,21.34,83.7
1980s,1994,Smooth Operator - Single Version,Sade,,82,4.31,False,0.0,0.0,0,0.0,0.0
1980s,2001,Eyes Without A Face - Remastered 1999,Billy Idol,,64,4.96,False,0.0,0.0,0,0.0,0.0
1980s,1989,Pump Up The Jam,Technotronic,"eurodance, hip house, dance",73,5.34,False,0.156,0.5,586,8.7,109.77
1980s,1986,Don't Dream It's Over,Crowded House,,76,3.97,False,0.494,0.412,269,35.32,67.77
1980s,1982,Should I Stay or Should I Go - Remastered,The Clash,punk,81,3.15,False,0.0,0.0,0,0.0,0.0
1980s,2004,Call Me,Blondie,,76,3.54,False,0.362,0.602,418,24.4,118.18
1980s,1979,Rock with You - Single Version,Michael Jackson,,82,3.67,False,0.233,0.578,279,29.03,76.12
1980s,1987,Sweet Child O' Mine,Guns N' Roses,"rock, glam metal, hard rock, classic rock",88,5.93,False,0.272,0.563,297,28.62,50.05
1980s,1986,There Is a Light That Never Goes Out - 2011 Remaster,The Smiths,"new wave, madchester, jangle pop",84,4.08,False,0.0,0.0,0,0.0,0.0
1980s,1987,With Or Without You,U2,rock,82,4.93,False,0.285,0.4,193,34.2,39.19
1980s,1986,La Isla Bonita,Madonna,,75,4.05,False,0.148,0.45,340,32.65,84.04
1980s,2012,Bad - 2012 Remaster,Michael Jackson,,67,4.12,False,0.0,0.0,0,0.0,0.0
1980s,1985,Part-Time Lover,Stevie Wonder,"motown, classic soul, soul",73,4.21,False,0.011,0.555,283,40.28,67.23
1980s,2009,Never Ending Story,Limahl,synthpop,69,3.54,False,-0.006,0.618,129,48.84,36.48
1980s,1987,Everywhere - 2017 Remaster,Fleetwood Mac,"classic rock, yacht rock, soft rock",84,3.78,False,0.0,0.0,0,0.0,0.0
1980s,2024,Careless Whisper - Remastered,George Michael,,80,5.06,False,0.091,0.649,347,34.87,68.6
1980s,1982,P.Y.T. (Pretty Young Thing),Michael Jackson,,77,3.97,False,0.333,0.683,499,23.85,125.62
1980s,1987,Just Like Heaven - Remastered 2006,The Cure,"new wave, post-punk, gothic rock, darkwave",77,3.53,False,0.0,0.0,0,0.0,0.0
1980s,1984,Forever Young,Alphaville,synthpop,83,3.78,False,0.101,0.443,282,41.84,74.63
1980s,1982,Under Pressure - Remastered 2011,Queen,"classic rock, rock, glam rock",82,4.14,False,0.0,0.0,0,0.0,0.0
1980s,1981,Let's Groove,"Earth, Wind & Fire","funk, disco",80,5.65,False,0.077,0.39,591,17.09,104.6
1980s,2008,Beat It,Michael Jackson,,76,4.3,False,0.103,0.563,465,20.0,108.12
1980s,1979,Just the Two of Us (feat. Bill Withers),"Grover Washington, Jr.","soul jazz, smooth jazz",63,7.31,False,0.122,0.39,504,17.86,68.96
1980s,1983,Sweet Dreams (Are Made of This) - 2005 Remaster,Eurythmics,"new wave, synthpop",85,3.62,False,0.0,0.0,0,0.0,0.0
1980s,1986,"Holding Out for a Hero - From ""Footloose"" Soundtrack",Bonnie Tyler,,75,5.81,False,0.0,0.0,0,0.0,0.0
1980s,1984,I Want to Know What Love Is - 1999 Remaster,Foreigner,"aor, classic rock",85,5.08,False,0.0,0.0,0,0.0,0.0
1980s,1983,Gold - 2003 Remaster,Spandau Ballet,"new wave, synthpop",68,4.85,False,0.0,0.0,0,0.0,0.0
1980s,1987,Englishman In New York,Sting,soft rock,75,4.45,False,0.017,0.525,366,29.23,82.17
1980s,1981,Dancing With Myself - Uptown Mix,Generation X,,66,6.0,False,0.0,0.0,0,0.0,0.0
1980s,2009,Total Eclipse of the Heart,Bonnie Tyler,,81,4.46,False,0.171,0.661,694,19.31,155.75
1980s,1986,Livin' On A Prayer,Bon Jovi,"glam metal, rock",81,4.15,False,0.055,0.578,327,29.05,78.7
1980s,1982,Africa,TOTO,"yacht rock, soft rock",86,4.92,False,0.054,0.354,307,36.81,62.38
1980s,1981,Down Under,Men At Work,,80,3.71,False,0.246,0.402,339,25.66,91.49
1980s,1983,Uptown Girl,Billy Joel,soft rock,83,3.3,False,0.244,0.606,297,31.99,89.87
1980s,1984,Self Control,Laura Branigan,,79,4.11,False,0.199,0.509,451,20.62,109.8
1980s,2003,You Spin Me Round (Like a Record),Dead Or Alive,"hi-nrg, synthpop",72,3.25,False,0.025,0.452,370,17.84,113.76
1980s,1980,Video Killed The Radio Star,The Buggles,,64,4.23,False,-0.113,0.131,324,29.01,76.6
1980s,1999,"Take My Breath Away - Love Theme from ""Top Gun""",Berlin,,74,4.26,False,0.0,0.0,0,0.0,0.0
1980s,1987,Welcome To The Jungle,Guns N' Roses,"rock, glam metal, hard rock, classic rock",84,4.56,True,0.342,0.653,337,32.05,73.94
1980s,1984,Heaven,Bryan Adams,,83,4.06,False,0.074,0.524,306,35.62,75.44
1980s,1980,Super Trouper,ABBA,,75,4.21,False,0.001,0.512,451,24.61,107.02
1980s,1986,Brother Louie,Modern Talking,"europop, italo disco, eurodance",76,3.71,False,0.199,0.709,311,27.33,83.8
1980s,2014,Time After Time,Cyndi Lauper,,71,4.05,False,-0.036,0.45,283,28.98,69.86
1980s,1981,Tainted Love,Soft Cell,"synthpop, new wave",79,2.56,False,0.37,0.57,247,35.22,96.36
1980s,1980,Another One Bites The Dust - Remastered 2011,Queen,"classic rock, rock, glam rock",82,3.58,False,0.184,0.537,347,30.55,96.99
1980s,1989,Lovesong - Remastered,The Cure,"new wave, post-punk, gothic rock, darkwave",72,3.47,False,0.0,0.0,0,0.0,0.0
1980s,1987,I Think We're Alone Now,Tiffany,,76,3.81,False,0.2,0.682,390,18.72,102.25
1980s,1985,Walk Like an Egyptian,The Bangles,jangle pop,61,3.41,False,-0.036,0.236,238,48.74,69.81
1980s,1997,Live Is Life - Live,Opus,,58,4.24,False,0.303,0.406,285,20.7,67.16
1980s,1980,Back In Black,AC/DC,"rock, hard rock, classic rock, rock and roll",85,4.27,False,-0.006,0.125,308,32.14,72.19
1980s,1981,In The Air Tonight - 2015 Remastered,Phil Collins,soft rock,81,5.61,False,0.0,0.0,0,0.0,0.0
1980s,1984,Still Loving You - 2015 - Remaster,Scorpions,"hard rock, glam metal, rock",63,6.48,False,0.0,0.0,0,0.0,0.0
1980s,1983,Say Say Say - Remastered 2015,Paul McCartney,,68,3.93,False,0.0,0.0,0,0.0,0.0
1980s,1998,Always on My Mind,Pet Shop Boys,"synthpop, new wave",74,3.92,False,0.305,0.664,259,23.94,66.15
1980s,1981,Golden Brown,The Stranglers,"proto-punk, new wave",82,3.45,False,0.232,0.485,145,34.48,42.08
1980s,1986,You Give Love A Bad Name,Bon Jovi,"glam metal, rock",77,3.71,False,-0.1,0.574,302,25.83,81.36
1980s,1985,Cheri Cheri Lady,Modern Talking,"europop, italo disco, eurodance",80,3.77,False,0.234,0.546,328,26.52,86.95
1980s,1984,Radio Ga Ga - Remastered 2011,Queen,"classic rock, rock, glam rock",76,5.8,False,0.0,0.0,0,0.0,0.0
1980s,1986,West End Girls - 2018 Remaster,Pet Shop Boys,"synthpop, new wave",76,4.77,False,0.0,0.0,0,0.0,0.0
1980s,2008,True - Single Edit,Spandau Ballet,"new wave, synthpop",70,5.49,False,0.0,0.0,0,0.0,0.0
1980s,1987,Is This Love - 2018 Remaster,Whitesnake,"glam metal, glam rock, hard rock",73,4.74,False,0.393,0.538,309,33.66,65.17
1980s,2001,Don't Stop Believin',Journey,"aor, classic rock",76,4.15,False,0.166,0.402,190,46.32,45.8
1980s,1985,Easy Lover,Philip Bailey,yacht rock,69,5.08,False,0.24,0.634,456,17.98,89.85
1980s,1984,Like a Virgin,Madonna,,71,3.64,False,0.222,0.498,240,40.42,65.87
1980s,1981,I Love Rock 'N Roll,Joan Jett & the Blackhearts,rock,78,2.92,False,0.341,0.463,347,22.77,118.85
1980s,1983,Break My Stride,Matthew Wilder,,74,3.07,False,-0.172,0.41,391,24.55,127.17
1980s,1987,Nothing's Gonna Stop Us Now,Starship,,84,4.51,False,0.148,0.59,465,23.44,103.21
1980s,1985,Conga!,Miami Sound Machine,,68,4.23,False,0.217,0.517,347,23.05,81.97
1980s,1988,Fast Car,Tracy Chapman,,82,4.95,False,0.152,0.598,523,35.76,105.73
1980s,1986,Master Of Puppets,Metallica,"metal, thrash metal, rock, heavy metal, hard rock",80,8.59,False,0.279,0.533,349,32.95,40.63
1980s,2021,Physical - Remastered 2021,Olivia Newton-John,,65,3.77,False,0.033,0.262,311,26.69,82.57
1980s,1985,Money For Nothing - Remastered 1996,Dire Straits,classic rock,77,8.42,True,0.0,0.0,0,0.0,0.0
1980s,1989,Karma Chameleon,Culture Club,,64,4.04,False,0.151,0.435,340,21.47,84.23
1980s,1981,Don't You Want Me,The Human League,"new wave, synthpop",79,3.95,False,0.144,0.458,412,26.7,104.34
1990s,1998,Believe,Cher,,80,3.98,False,0.316,0.547,374,21.39,93.88
1990s,1998,Iris,The Goo Goo Dolls,,93,4.83,False,-0.173,0.362,271,28.04,56.16
1990s,1996,Lovefool,The Cardigans,swedish pop,83,3.23,False,0.388,0.586,309,26.54,95.59
1990s,1995,Wonderwall - Remastered,Oasis,"britpop, madchester",72,4.31,False,0.0,0.0,0,0.0,0.0
1990s,2009,Vogue,Madonna,,69,5.28,False,0.219,0.521,459,33.33,86.93
1990s,1995,Ironic - 2015 Remaster,Alanis Morissette,,73,3.83,False,0.0,0.0,0,0.0,0.0
1990s,1997,Torn,Natalie Imbruglia,,80,4.08,False,0.029,0.637,361,33.24,88.53
1990s,1997,Man! I Feel Like A Woman!,Shania Twain,country,72,3.91,False,0.115,0.456,363,28.1,92.88
1990s,1996,"Because You Loved Me (Theme from ""Up Close and Personal"")",Céline Dion,variété française,77,4.56,False,0.412,0.577,472,24.15,103.48
1990s,1990,Nothing Compares 2 U,Sinéad O'Connor,,76,4.67,False,0.106,0.649,215,49.3,46.06
1990s,1999,Genie In a Bottle,Christina Aguilera,,81,3.63,False,0.207,0.542,580,18.79,159.95
1990s,1999,...Baby One More Time,Britney Spears,pop,83,3.52,False,0.411,0.629,332,21.08,94.38
1990s,1997,Bailando,Paradisio,"eurodance, europop",69,3.82,False,0.0,0.0,194,21.13,50.76
1990s,1997,Bitter Sweet Symphony - Remastered 2016,The Verve,"britpop, shoegaze",85,5.95,False,0.0,0.0,0,0.0,0.0
1990s,1997,Around the World,Daft Punk,"french house, electronic, electro",76,7.16,False,0.0,0.0,240,1.25,33.52
1990s,1993,Creep,Radiohead,"art rock, alternative rock",92,3.98,True,0.579,0.743,187,35.83,47.02
1990s,1991,Gypsy Woman (She's Homeless) (La Da Dee La Da Da) - Basement Boy Strip To The Bone Mix,Crystal Waters,,71,7.53,False,-0.137,0.496,319,36.99,42.36
1990s,1998,Enjoy the Silence,Depeche Mode,"new wave, synthpop, darkwave",76,4.25,False,-0.216,0.814,142,40.14,33.39
1990s,1997,Freed From Desire,Gala,eurodance,78,3.56,False,0.485,0.585,264,11.74,74.23
1990s,2000,Better Off Alone,Alice Deejay,"eurodance, europop",80,3.58,False,0.5,0.5,111,9.91,30.99
1990s,1989,Wicked Game,Chris Isaak,,85,4.82,False,0.15,0.745,295,21.02,61.23
1990s,1999,Maria Maria (feat. The Product G&B),Santana,,73,4.37,False,0.234,0.389,405,35.31,92.76
1990s,1995,Alright - 2015 Remaster,Supergrass,britpop,72,3.02,False,0.0,0.0,0,0.0,0.0
1990s,1997,Kiss Me,Sixpence None The Richer,,85,3.48,False,-0.107,0.424,170,38.24,48.88
1990s,1997,Everybody (Backstreet's Back) - Radio Edit,Backstreet Boys,,79,3.76,False,0.18,0.466,259,32.82,68.96
1990s,1996,Killing Me Softly With His Song,Fugees,east coast hip hop,80,4.98,True,0.048,0.464,473,30.44,95.02
1990s,1998,My Favourite Game,The Cardigans,swedish pop,73,3.67,False,-0.031,0.507,241,39.42,65.59
1990s,1998,The Boy Is Mine,Brandy,r&b,76,4.91,False,-0.097,0.617,797,21.33,162.22
1990s,1994,"Baby, I Love Your Way",Big Mountain,reggae,73,4.16,False,0.367,0.562,344,28.2,82.72
1990s,1995,Don't Speak,No Doubt,,81,4.39,False,0.462,0.6,339,26.84,77.17
1990s,1995,They Don't Care About Us,Michael Jackson,,80,4.74,False,-0.077,0.402,611,26.35,128.94
1990s,1993,"What Is Love - 7"" Mix",Haddaway,eurodance,82,4.51,False,0.141,0.554,325,18.15,72.12
1990s,1993,Fade Into You,Mazzy Star,"dream pop, shoegaze, slowcore",87,4.93,False,0.026,0.374,154,40.91,31.26
1990s,1999,Scar Tissue,Red Hot Chili Peppers,"funk rock, alternative rock, rock",86,3.6,False,-0.066,0.636,299,26.42,83.09
1990s,1990,There She Goes,The La's,"britpop, jangle pop",75,2.7,False,-0.156,0.289,127,27.56,46.98
1990s,1991,Come As You Are,Nirvana,"grunge, rock",84,3.65,False,0.0,0.3,149,27.52,40.84
1990s,1999,Let's Get Loud,Jennifer Lopez,,69,3.99,False,0.078,0.634,638,18.5,159.9
1990s,1997,Karma Police,Radiohead,"art rock, alternative rock",82,4.4,False,-0.158,0.308,146,39.04,33.17
1990s,1999,Otherside,Red Hot Chili Peppers,"funk rock, alternative rock, rock",85,4.26,False,-0.213,0.459,328,33.23,77.06
1990s,1997,Your Woman,White Town,,74,4.33,False,0.254,0.658,288,38.19,66.49
1990s,1995,Earth Song,Michael Jackson,,72,6.77,False,-0.027,0.584,434,31.8,64.15
1990s,1991,Smells Like Teen Spirit,Nirvana,"grunge, rock",85,5.03,False,-0.187,0.469,260,33.08,51.67
1990s,1994,Zombie - 2025 Remastered,The Cranberries,,84,5.09,False,0.0,0.0,0,0.0,0.0
1990s,1993,All That She Wants,Ace of Base,"eurodance, europop",80,3.52,False,0.187,0.281,277,27.08,78.69
1990s,1991,It Ain't Over 'Til It's Over,Lenny Kravitz,,81,4.04,False,0.35,0.425,284,21.48,70.23
1990s,1991,Losing My Religion,R.E.M.,"jangle pop, alternative rock, rock",86,4.47,False,0.05,0.33,294,30.61,65.72
1990s,1996,Children,Robert Miles,"trance, eurodance",76,4.05,False,0.0,0.0,0,0.0,0.0
1990s,2000,It Wasn't Me,Shaggy,reggae,81,3.79,False,0.062,0.408,644,30.28,169.77
1990s,2025,Don't Look Back in Anger - Remastered,Oasis,"britpop, madchester",74,4.84,False,0.0,0.0,0,0.0,0.0
1990s,1997,Miami,Will Smith,,73,3.29,False,0.222,0.571,669,36.62,203.18
1990s,1996,Wannabe,Spice Girls,,81,2.88,False,0.157,0.369,574,20.38,199.05
1990s,1994,The Rhythm of the Night,Corona,eurodance,73,4.4,False,0.253,0.463,370,22.16,84.0
1990s,1999,Californication,Red Hot Chili Peppers,"funk rock, alternative rock, rock",85,5.5,False,0.109,0.544,296,50.0,53.86
1990s,2002,Missing - Todd Terry Remix / Radio Edit,Everything But The Girl,,60,3.92,False,0.0,0.0,0,0.0,0.0
1990s,1998,California Love - Original Version,2Pac,"old school hip hop, gangster rap, west coast hip hop, g-funk, hip hop",59,4.75,False,0.0,0.0,0,0.0,0.0
1990s,1992,Friday I'm In Love,The Cure,"new wave, post-punk, gothic rock, darkwave",79,3.59,False,0.178,0.424,263,36.88,73.34
1990s,2000,Girls & Boys,Blur,"britpop, madchester, alternative rock",70,4.32,False,0.236,0.546,338,22.78,78.18
1990s,2000,Butterfly,Crazy Town,"rap rock, nu metal",79,3.61,False,0.026,0.708,713,28.47,197.39
1990s,1995,Just A Girl,No Doubt,,74,3.49,False,0.065,0.513,296,38.85,84.89
1990s,1995,Lemon Tree,Fools Garden,,77,3.18,False,-0.066,0.341,327,33.33,102.71
1990s,1991,Black or White,Michael Jackson,,74,4.27,False,-0.018,0.386,449,36.08,105.23
1990s,1997,Song 2 - 2012 Remaster,Blur,"britpop, madchester, alternative rock",79,2.02,False,0.0,0.0,0,0.0,0.0
1990s,1993,Crazy,Aerosmith,"classic rock, rock",77,5.28,False,-0.186,0.763,326,38.34,61.74
1990s,1997,I'll Be Missing You (feat. Faith Evans & 112) - 2014 Remaster,Diddy,"hip hop, east coast hip hop",69,5.11,False,0.0,0.0,0,0.0,0.0
1990s,1997,Tubthumping,Chumbawamba,,72,4.65,False,-0.107,0.306,800,8.12,172.18
1990s,2005,Virtual Insanity - Remastered 2006,Jamiroquai,acid jazz,76,3.82,False,-0.057,0.471,465,30.97,121.64
1990s,1998,You Get What You Give,New Radicals,,81,5.01,False,0.075,0.512,458,36.68,91.36
1990s,1995,Fantasy,Mariah Carey,christmas,79,4.06,False,0.25,0.62,326,25.46,80.33
1990s,1993,Linger,The Cranberries,,86,4.58,False,-0.097,0.584,309,28.48,67.49
1990s,1999,Livin' la Vida Loca,Ricky Martin,"latin pop, latin",78,4.05,False,-0.042,0.481,441,26.3,108.82
1990s,1996,Cosmic Girl - Remastered 2013,Jamiroquai,acid jazz,72,4.07,False,0.0,0.0,0,0.0,0.0
1990s,1990,Thunderstruck,AC/DC,"rock, hard rock, classic rock, rock and roll",87,4.87,False,0.267,0.412,265,35.47,54.39
1990s,1998,Doo Wop (That Thing),Ms. Lauryn Hill,neo soul,77,5.34,False,0.192,0.54,1002,31.44,187.72
1990s,1999,Thank You,Dido,,79,3.64,False,0.122,0.392,262,38.17,71.99
1990s,1999,All Star,Smash Mouth,,79,3.34,False,-0.043,0.623,480,32.08,143.73
1990s,1999,All The Small Things,blink-182,"pop punk, punk, rock, skate punk, emo",82,2.78,False,0.016,0.406,226,28.32,81.17
1990s,1991,November Rain,Guns N' Roses,"rock, glam metal, hard rock, classic rock",84,8.93,False,0.054,0.753,409,32.03,45.78
1990s,1997,Gettin' Jiggy Wit It,Will Smith,,73,3.8,False,0.145,0.642,691,31.98,181.9
1990s,1998,"Tom's Diner - 7"" Version",DNA,,70,3.8,False,0.0,0.0,0,0.0,0.0
1990s,1992,What's Up?,4 Non Blondes,,86,4.93,False,0.157,0.43,358,25.14,72.68
1990s,1996,No Diggity,Blackstreet,new jack swing,79,5.08,False,0.129,0.46,839,31.35,165.27
1990s,1999,No Scrubs,TLC,,82,3.57,False,0.306,0.47,643,14.62,179.94
1990s,1995,High and Dry,Radiohead,"art rock, alternative rock",80,4.29,False,0.214,0.568,231,38.96,53.83
1990s,1995,Boombastic,Shaggy,reggae,74,4.17,False,0.238,0.49,675,30.81,162.04
1990s,1997,"Men In Black - From ""Men In Black"" Soundtrack",Will Smith,,67,3.79,False,0.0,0.0,0,0.0,0.0
1990s,1999,Canned Heat,Jamiroquai,acid jazz,71,5.53,False,-0.02,0.404,697,23.24,126.05
1990s,1998,The Kids Aren't Alright,The Offspring,"punk, skate punk",83,3.0,False,0.053,0.49,191,53.4,63.61
1990s,1992,Sweat (A La La La La Long),Inner Circle,"reggae, roots reggae",73,3.82,False,0.16,0.437,452,21.68,118.43
1990s,1998,"I Don't Want to Miss a Thing - From ""Armageddon"" Soundtrack",Aerosmith,"classic rock, rock",75,4.98,False,0.206,0.414,417,22.54,83.75
1990s,1999,Mambo No. 5 (a Little Bit of...),Lou Bega,,78,3.67,False,-0.026,0.466,419,33.17,114.12
1990s,1999,I Want It That Way,Backstreet Boys,,84,3.56,False,-0.152,0.43,297,21.89,83.54
1990s,1999,The Bad Touch,Bloodhound Gang,,75,4.34,True,0.121,0.547,454,37.67,104.57
1990s,1995,Gangsta's Paradise,Coolio,"west coast hip hop, g-funk",87,4.01,False,0.117,0.452,545,32.29,135.86
1990s,1995,1979 - Remastered 2012,The Smashing Pumpkins,"alternative rock, rock",80,4.44,False,0.0,0.0,0,0.0,0.0
1990s,1994,Basket Case,Green Day,"punk, pop punk",82,3.03,False,0.063,0.359,178,42.13,58.83
1990s,2021,Nothing Else Matters - Remastered 2021,Metallica,"metal, thrash metal, rock, heavy metal, hard rock",83,6.48,False,0.0,0.0,0,0.0,0.0
1990s,1999,Say My Name,Destiny's Child,,79,4.52,False,0.03,0.456,1012,15.81,223.78
1990s,1991,Under the Bridge,Red Hot Chili Peppers,"funk rock, alternative rock, rock",85,4.41,False,0.203,0.605,285,35.09,64.7
1990s,1999,My Name Is,Eminem,"rap, hip hop",73,4.47,True,-0.103,0.501,811,39.33,181.3
1990s,1991,Lithium,Nirvana,"grunge, rock",74,4.28,False,0.225,0.597,352,19.32,82.16
2000s,2000,Oops!...I Did It Again,Britney Spears,pop,83,3.52,False,0.128,0.478,386,26.68,109.68
2000s,2002,Dilemma,Nelly,,82,4.82,True,0.062,0.625,923,18.96,191.52
2000s,2005,Hung Up,Madonna,,79,5.63,False,-0.274,0.506,541,14.42,96.11
2000s,2004,Since U Been Gone,Kelly Clarkson,christmas,75,3.15,False,0.157,0.37,293,28.33,93.04
2000s,2005,We Belong Together,Mariah Carey,christmas,78,3.36,False,0.01,0.306,529,31.0,157.6
2000s,2001,"Lady Marmalade - From ""Moulin Rouge"" Soundtrack",Christina Aguilera,,67,4.41,False,0.0,0.0,0,0.0,0.0
2000s,2005,La Tortura (feat. Alejandro Sanz),Shakira,latin pop,81,3.6,False,0.245,0.53,433,32.1,120.15
2000s,2000,Stronger,Britney Spears,pop,68,3.38,False,0.038,0.623,257,31.13,75.96
2000s,2009,Meet Me Halfway,Black Eyed Peas,,81,4.74,False,-0.061,0.529,512,21.29,108.03
2000s,2002,Sk8er Boi,Avril Lavigne,,79,3.4,False,0.143,0.465,406,36.21,119.41
2000s,2004,La Camisa Negra,Juanes,"latin pop, colombian pop, rock en español",57,3.61,False,0.0,0.0,347,33.43,96.07
2000s,2010,Sexy Bitch (feat. Akon),David Guetta,edm,81,3.26,True,0.0,0.0,234,27.35,71.69
2000s,2007,Flashing Lights,Kanye West,rap,87,3.96,True,0.124,0.626,359,44.29,90.69
2000s,2008,Hot N Cold,Katy Perry,pop,78,3.67,False,-0.109,0.529,472,20.13,128.6
2000s,2009,I Gotta Feeling,Black Eyed Peas,,83,4.82,False,0.497,0.556,695,15.54,144.22
2000s,2001,Can't Get You out of My Head,Kylie Minogue,dance pop,81,3.84,False,0.355,0.705,259,19.69,67.38
2000s,2007,Gimme More,Britney Spears,pop,85,4.19,True,0.386,0.497,522,22.61,124.66
2000s,2008,Don't Stop The Music,Rihanna,,85,4.45,False,0.053,0.768,683,17.13,153.44
2000s,2007,Kids,MGMT,indie,82,5.05,False,0.136,0.945,223,38.12,44.18
2000s,2008,Just Dance,Lady Gaga,"art pop, pop",84,4.03,False,0.072,0.526,515,35.53,127.72
2000s,2005,Hips Don't Lie (feat. Wyclef Jean),Shakira,latin pop,87,3.67,False,0.099,0.455,910,24.73,247.78
2000s,2009,I Know You Want Me (Calle Ocho),Pitbull,,63,3.95,False,0.252,0.414,655,23.51,165.74
2000s,2008,Walking On A Dream,Empire Of The Sun,,85,3.31,False,0.139,0.371,263,32.7,79.52
2000s,2001,Lady - Hear Me Tonight,Modjo,"french house, disco house",82,5.12,False,0.342,0.523,246,19.11,48.05
2000s,2008,Paparazzi,Lady Gaga,"art pop, pop",81,3.47,True,0.302,0.635,319,35.74,91.88
2000s,2006,Say It Right,Nelly Furtado,,84,3.72,False,-0.034,0.636,295,30.85,79.34
2000s,2009,Right Round,Flo Rida,,83,3.41,False,0.018,0.415,630,30.32,184.71
2000s,2002,All The Things She Said,t.A.T.u.,,81,3.57,True,0.118,0.64,562,21.17,157.25
2000s,2002,Clocks,Coldplay,,85,5.13,False,-0.119,0.163,171,44.44,33.32
2000s,2008,I Kissed A Girl,Katy Perry,pop,76,2.99,False,0.201,0.65,283,33.57,94.52
2000s,2006,Maneater,Nelly Furtado,,85,4.31,False,-0.009,0.554,600,17.33,139.05
2000s,2005,Pump It,Black Eyed Peas,,82,3.55,True,0.05,0.539,528,30.68,148.69
2000s,2004,Unwritten,Natasha Bedingfield,,86,4.32,False,-0.049,0.527,470,20.0,108.74
2000s,2006,The Sweet Escape,Gwen Stefani,,76,4.11,False,0.174,0.667,543,22.65,132.19
2000s,2002,This Love,Maroon 5,pop,87,3.44,False,0.333,0.535,351,31.62,102.13
2000s,2008,American Boy,Estelle,,81,4.75,True,0.155,0.345,735,32.38,154.88
2000s,2008,Disturbia,Rihanna,,82,3.98,False,0.283,0.72,573,23.56,144.07
2000s,2004,Gasolina,Daddy Yankee,"reggaeton, latin",84,3.21,False,0.0,0.0,465,26.67,144.86
2000s,2009,Empire State Of Mind,JAY-Z,"hip hop, east coast hip hop, rap",86,4.62,True,0.153,0.469,791,39.57,171.39
2000s,2008,Womanizer,Britney Spears,pop,80,3.73,False,-0.097,0.656,600,19.5,160.69
2000s,2002,Complicated,Avril Lavigne,,84,4.08,False,-0.233,0.54,516,21.51,126.62
2000s,2009,Rude Boy,Rihanna,,79,3.72,True,0.127,0.525,627,14.67,168.76
2000s,2010,Alors on danse - Radio Edit,Stromae,french pop,79,3.43,False,0.0,0.0,0,0.0,0.0
2000s,2003,Crazy In Love (feat. JAY-Z),Beyoncé,,79,3.94,False,0.014,0.644,849,24.73,215.73
2000s,2009,Bad Romance,Lady Gaga,"art pop, pop",86,4.91,True,-0.131,0.65,577,14.21,117.53
2000s,2006,Promiscuous,Nelly Furtado,,88,4.04,False,-0.074,0.564,681,31.57,168.64
2000s,2008,Umbrella,Rihanna,,84,4.6,False,0.175,0.461,547,27.97,118.92
2000s,2002,Murder On The Dancefloor,Sophie Ellis-Bextor,,80,3.83,False,0.229,0.518,444,16.22,115.82
2000s,2005,Feel Good Inc.,Gorillaz,,90,3.71,False,0.484,0.536,423,35.46,114.0
2000s,2008,Poker Face,Lady Gaga,"art pop, pop",85,3.95,True,0.263,0.527,517,21.86,130.78
2000s,2007,Beautiful Liar,Beyoncé,,70,3.33,False,0.26,0.521,357,32.77,107.18
2000s,2002,She Will Be Loved - Radio Mix,Maroon 5,pop,85,4.32,False,0.241,0.548,375,32.53,86.72
2000s,1979,You Rock My World - Radio Edit,Michael Jackson,,68,4.45,False,0.47,0.695,689,19.59,154.88
2000s,2006,Back To Black,Amy Winehouse,,83,4.02,True,0.009,0.37,220,35.91,54.71
2000s,2000,Rock DJ,Robbie Williams,,71,4.31,False,0.348,0.665,390,30.77,90.5
2000s,2008,Heartless,Kanye West,rap,85,3.52,False,-0.121,0.707,484,31.61,137.63
2000s,2004,Everybody's Changing,Keane,,79,3.6,False,0.027,0.46,202,32.18,56.14
2000s,2010,When Love Takes Over (feat. Kelly Rowland),David Guetta,edm,75,3.18,False,0.404,0.606,251,33.07,78.85
2000s,2003,Toxic,Britney Spears,pop,85,3.31,False,-0.115,0.545,326,24.23,98.39
2000s,2005,Pon de Replay,Rihanna,,80,4.12,False,0.221,0.434,686,15.45,166.67
2000s,2006,Smile,Lily Allen,,75,3.28,True,-0.005,0.366,449,21.38,136.83
2000s,2007,Stronger,Kanye West,rap,83,5.2,True,0.185,0.439,958,19.0,184.31
2000s,2008,Human,The Killers,alternative rock,76,4.09,False,0.048,0.407,263,36.5,64.31
2000s,2006,Young Folks,Peter Bjorn and John,indie,78,4.61,False,0.179,0.648,322,28.57,69.82
2000s,2024,The Reason,Hoobastank,nu metal,84,3.88,False,-0.057,0.67,243,29.63,62.63
2000s,2004,Somewhere Only We Know,Keane,,87,3.95,False,-0.02,0.614,285,29.82,72.11
2000s,2009,Party In The U.S.A.,Miley Cyrus,,81,3.37,False,0.38,0.593,516,26.16,153.22
2000s,2003,Hey Ya!,Outkast,"southern hip hop, hip hop",83,3.92,True,0.231,0.566,495,29.29,126.27
2000s,2000,Yellow,Coldplay,,91,4.45,False,0.243,0.421,213,28.17,47.91
2000s,2003,Where Is The Love?,Black Eyed Peas,,82,4.54,False,0.164,0.592,689,35.85,151.69
2000s,2007,This Is The Life,Amy Macdonald,,79,3.07,False,-0.058,0.491,459,18.95,149.34
2000s,2008,Infinity 2008 - Klaas Vocal Edit,Guru Josh Project,,75,3.2,False,0.05,0.7,112,26.79,34.95
2000s,2003,21 Questions,50 Cent,"east coast hip hop, old school hip hop",79,3.74,True,0.262,0.522,652,29.75,174.3
2000s,2010,TiK ToK,Kesha,,85,3.33,False,-0.102,0.469,509,29.47,152.93
2000s,2000,Ms. Jackson,Outkast,"southern hip hop, hip hop",83,4.51,True,-0.021,0.521,741,35.22,164.36
2000s,2004,Take Me Out,Franz Ferdinand,indie rock,84,3.95,False,-0.267,0.5,264,19.32,66.83
2000s,2002,Rock Your Body,Justin Timberlake,,83,4.45,False,0.188,0.462,662,20.85,148.62
2000s,2004,Boulevard of Broken Dreams,Green Day,"punk, pop punk",73,4.35,True,-0.108,0.697,278,28.06,63.84
2000s,2004,Left Outside Alone,Anastacia,,66,4.29,False,-0.018,0.28,398,25.13,92.76
2000s,2011,Pumped Up Kicks,Foster The People,,85,3.99,False,0.254,0.457,389,24.42,97.41
2000s,2009,Heads Will Roll,Yeah Yeah Yeahs,,70,3.68,False,-0.175,0.381,248,18.15,67.33
2000s,2006,SexyBack (feat. Timbaland),Justin Timberlake,,86,4.05,True,0.0,0.0,454,22.03,112.22
2000s,2010,Break Your Heart,Taio Cruz,,69,3.36,False,-0.101,0.86,388,18.04,115.51
2000s,2001,Fallin',Alicia Keys,"r&b, neo soul",79,3.5,False,0.192,0.571,241,26.14,68.79
2000s,2007,Beautiful Girls,Sean Kingston,,80,3.76,False,0.235,0.611,431,32.25,114.74
2000s,2007,Crazy,Gnarls Barkley,,81,2.97,False,-0.218,0.704,226,46.9,76.21
2000s,2004,Mr. Brightside,The Killers,alternative rock,89,3.72,False,-0.085,0.619,314,30.57,84.49
2000s,2002,Feel,Robbie Williams,,77,4.4,False,0.15,0.591,259,34.75,58.89
2000s,2009,4 Minutes (feat. Justin Timberlake & Timbaland),Madonna,,77,3.16,False,0.0,0.0,498,27.11,157.52
2000s,2001,Clint Eastwood,Gorillaz,,81,5.68,True,0.105,0.478,620,32.42,109.12
2000s,2008,Viva La Vida,Coldplay,,87,4.04,False,0.12,0.47,341,41.35,84.42
2000s,2009,Dog Days Are Over,Florence + The Machine,baroque pop,81,4.21,False,0.242,0.422,292,34.25,69.3
2000s,2007,The Way I Are,Timbaland,,86,2.99,False,0.417,0.582,397,28.21,132.98
2000s,2008,Sex on Fire,Kings of Leon,,84,3.39,False,0.377,0.631,145,49.66,42.78
2000s,2007,Girlfriend,Avril Lavigne,,76,3.61,True,0.189,0.575,637,16.17,176.45
2000s,2002,The Scientist,Coldplay,,89,5.16,False,0.103,0.504,193,43.52,37.4
2000s,2022,Get Busy,Sean Paul,dancehall,78,3.53,False,0.317,0.458,743,17.77,210.61
2000s,2002,Can't Stop,Red Hot Chili Peppers,"funk rock, alternative rock, rock",87,4.48,False,0.324,0.465,574,37.28,128.03
2000s,2006,Lonely,Akon,,59,3.93,True,0.065,0.709,629,24.48,160.05
2000s,2002,Without Me,Eminem,"rap, hip hop",88,4.84,True,-0.08,0.411,804,38.31,166.16
2010s,2014,One Last Time,Ariana Grande,pop,86,3.29,False,0.123,0.335,425,21.88,129.27
2010s,2011,Where Have You Been,Rihanna,,79,4.04,False,0.225,0.5,300,16.33,74.17
2010s,2017,ocean eyes,Billie Eilish,,82,3.34,False,-0.073,0.585,223,43.05,66.77
2010s,2016,One Dance,Drake,rap,89,2.9,False,0.11,0.306,474,28.06,163.46
2010s,2011,Rolling in the Deep,Adele,soft pop,81,3.8,False,0.079,0.444,603,21.56,158.62
2010s,2019,7 rings,Ariana Grande,pop,85,2.98,True,0.021,0.43,502,36.85,168.62
2010s,2012,Beauty And A Beat,Justin Bieber,,79,3.8,False,0.16,0.418,359,36.77,94.48
2010s,2018,Let Me Down Slowly,Alec Benjamin,,83,2.82,False,-0.185,0.372,430,21.4,152.34
2010s,2010,Airplanes (feat. Hayley Williams of Paramore),B.o.B,,79,3.01,True,0.16,0.379,538,29.55,178.86
2010s,2018,Eastside (with Halsey & Khalid),benny blanco,,73,2.9,False,0.0,0.0,0,0.0,0.0
2010s,2019,Con Altura,ROSALÍA,latin,71,2.69,False,0.1,1.0,487,26.08,180.79
2010s,2024,King,Olly Alexander (Years & Years),,49,3.59,False,0.0,0.0,0,0.0,0.0
2010s,2014,Bailando - Spanish Version,Enrique Iglesias,"latin pop, latin",78,4.05,False,0.128,0.534,700,31.29,172.9
2010s,2015,Run Away With Me,Carly Rae Jepsen,,48,4.19,False,0.039,0.485,439,22.1,104.81
2010s,2014,Boom Clap,Charli xcx,"hyperpop, art pop",67,2.83,False,0.502,0.523,402,21.89,141.99
2010s,2011,Give Me Everything (feat. Nayer),Pitbull,,87,4.21,False,0.223,0.506,674,23.29,160.28
2010s,2010,The One That Got Away,Katy Perry,pop,67,3.79,False,0.071,0.343,342,34.21,90.26
2010s,2010,The Time (Dirty Bit),Black Eyed Peas,,52,5.13,False,0.077,0.548,540,30.56,105.32
2010s,2017,Passionfruit,Drake,rap,86,4.98,True,0.028,0.523,246,43.5,49.37
2010s,2013,I Love It (feat. Charli XCX),Icona Pop,,75,2.62,True,0.205,0.56,328,18.9,125.23
2010s,2010,Only Girl (In The World),Rihanna,,74,3.92,False,0.097,0.824,429,19.35,109.3
2010s,2013,Safe and Sound,Capital Cities,,83,3.21,False,0.412,0.437,307,19.22,95.54
2010s,2014,Maps,Maroon 5,pop,85,3.17,False,-0.1,0.208,467,19.91,147.5
2010s,2012,Locked out of Heaven,Bruno Mars,,89,3.89,False,0.044,0.415,324,27.47,83.26
2010s,2012,Where Them Girls At (feat. Nicki Minaj & Flo Rida),David Guetta,edm,77,3.25,True,0.278,0.432,577,31.37,177.68
2010s,2011,We Found Love,Rihanna,,79,3.59,False,0.412,0.548,218,27.98,60.77
2010s,2017,See You Again (feat. Kali Uchis),"Tyler, The Creator",,89,3.01,True,0.192,0.529,483,27.74,160.66
2010s,2011,Midnight City,M83,,79,4.07,False,-0.133,0.367,144,22.92,35.42
2010s,2015,Ride,Twenty One Pilots,,84,3.58,False,0.144,0.28,446,24.44,124.75
2010s,2012,Feel So Close - Radio Edit,Calvin Harris,edm,81,3.44,False,0.0,0.0,0,0.0,0.0
2010s,2013,Stolen Dance,Milky Chance,,80,5.23,False,0.066,0.458,355,24.51,67.9
2010s,2015,Wait a Minute!,WILLOW,,81,3.28,False,0.125,0.376,343,30.9,104.72
2010s,2015,The Less I Know The Better,Tame Impala,"neo-psychedelic, indie",89,3.61,True,0.124,0.515,243,47.33,67.4
2010s,2010,S&M,Rihanna,,73,4.06,True,0.294,0.583,506,17.0,124.66
2010s,2013,Scream & Shout,will.i.am,,80,4.72,True,-0.004,0.463,552,18.84,116.87
2010s,2015,Adventure of a Lifetime,Coldplay,,84,4.4,False,0.178,0.686,282,30.14,64.14
2010s,2014,Outside (feat. Ellie Goulding),Calvin Harris,edm,86,3.79,False,0.0,0.0,241,34.02,63.63
2010s,2012,Video Games,Lana Del Rey,,74,4.7,False,0.106,0.541,407,29.24,86.61
2010s,2015,Where Are Ü Now (with Justin Bieber),Jack Ü,,77,4.17,False,0.0,0.0,0,0.0,0.0
2010s,2012,Without You (feat. Usher),David Guetta,edm,78,3.47,False,-1.0,0.667,205,29.27,59.1
2010s,2016,DUELE EL CORAZON (feat. Wisin),Enrique Iglesias,"latin pop, latin",68,3.33,False,0.5,0.6,344,30.23,103.36
2010s,2016,Into You,Ariana Grande,pop,84,4.07,False,-0.055,0.502,516,21.51,126.65
2010s,2013,We Can't Stop,Miley Cyrus,,80,3.85,False,0.342,0.595,614,19.71,159.32
2010s,2016,Somebody Else,The 1975,,74,5.79,True,-0.108,0.668,530,19.06,91.5
2010s,2010,DJ Got Us Fallin' In Love (feat. Pitbull),USHER,r&b,84,3.68,False,0.211,0.385,445,25.17,120.92
2010s,2015,What Do You Mean?,Justin Bieber,,83,3.43,False,-0.029,0.569,494,19.23,144.11
2010s,2016,Hotline Bling,Drake,rap,82,4.45,False,0.037,0.591,439,27.33,98.63
2010s,2018,I Like It,Cardi B,,79,4.22,True,0.009,0.666,814,37.1,192.75
2010s,2009,Stereo Love - Edit,Edward Maya,,69,3.07,False,0.279,0.536,274,35.04,89.34
2010s,2012,Last Friday Night (T.G.I.F.),Katy Perry,pop,75,3.85,False,0.083,0.33,436,29.36,113.37
2010s,2014,Love Me Harder,Ariana Grande,pop,84,3.94,False,0.208,0.329,478,20.92,121.46
2010s,2013,Team,Lorde,,81,3.22,False,0.138,0.529,390,33.33,121.21
2010s,2013,Do I Wanna Know?,Arctic Monkeys,"indie, garage rock",87,4.54,False,-0.049,0.365,423,34.52,93.17
2010s,2015,Can't Feel My Face,The Weeknd,,84,3.56,False,0.292,0.611,550,12.73,154.55
2010s,2016,Love On The Brain,Rihanna,,87,3.73,True,0.347,0.686,362,26.8,96.96
2010s,2014,Break Free,Ariana Grande,pop,82,3.58,False,0.024,0.582,364,24.73,101.66
2010s,2012,Don't You Worry Child - Radio Edit,Swedish House Mafia,edm,83,3.55,False,0.256,0.474,270,31.85,76.11
2010s,2011,Mr. Saxobeat - Radio Edit,Alexandra Stan,europop,77,3.25,False,0.022,0.586,324,15.12,99.64
2010s,2014,Habits (Stay High),Tove Lo,,77,3.49,False,-0.004,0.498,350,30.57,100.4
2010s,2015,Electric Love,BØRNS,,80,3.64,False,0.435,0.585,205,32.68,56.39
2010s,2013,Latch,Disclosure,house,83,4.26,False,0.167,0.498,365,22.19,85.67
2010s,2013,Love Me Again,John Newman,,79,4.0,False,0.269,0.595,284,26.41,71.03
2010s,2009,Bad Romance,Lady Gaga,"art pop, pop",86,4.91,True,-0.131,0.65,577,14.21,117.53
2010s,2017,Supercut,Lorde,,79,4.63,False,0.017,0.563,404,23.02,87.35
2010s,2011,Party Rock Anthem,LMFAO,,75,4.37,False,0.297,0.484,501,26.55,114.67
2010s,2016,Pink + White,Frank Ocean,,86,3.08,False,0.067,0.368,332,48.19,107.96
2010s,2014,Time of Our Lives,Pitbull,,85,3.82,True,0.132,0.506,675,26.96,176.58
2010s,2016,goosebumps,Travis Scott,rap,85,4.06,True,0.041,0.57,581,32.01,142.96
2010s,2012,We Are Young (feat. Janelle Monáe),fun.,,80,4.18,False,0.016,0.336,366,32.51,87.62
2010s,2010,Nothin' on You (feat. Bruno Mars),B.o.B,,56,4.47,False,0.2,0.3,461,45.34,103.09
2010s,2018,SLOW DANCING IN THE DARK,Joji,,87,3.49,True,-0.024,0.479,281,30.25,80.56
2010s,2014,Summer,Calvin Harris,edm,82,3.71,False,0.323,0.477,123,29.27,33.16
2010s,2012,Boyfriend,Justin Bieber,,63,2.86,False,0.314,0.656,436,28.67,152.69
2010s,2014,Riptide,Vance Joy,folk pop,81,3.4,False,-0.073,0.499,394,28.17,115.72
2010s,2015,Five More Hours,Deorro,"melbourne bounce, electro house",66,3.53,False,0.368,0.467,346,26.01,97.94
2010s,2017,Unforgettable,French Montana,,86,3.9,True,0.093,0.549,560,30.36,143.65
2010s,2013,Sweater Weather,The Neighbourhood,,92,4.01,False,-0.113,0.663,364,36.54,90.85
2010s,2016,Stole the Show,Kygo,tropical house,75,3.72,False,-0.14,0.488,297,27.95,79.85
2010s,2015,Cool for the Summer,Demi Lovato,,79,3.58,True,0.079,0.545,379,21.37,105.9
2010s,2011,Somebody That I Used To Know,Gotye,,62,4.08,False,0.222,0.6,392,30.1,96.05
2010s,2012,Can't Hold Us (feat. Ray Dalton),Macklemore,,79,4.31,False,0.051,0.361,780,29.87,181.16
2010s,2015,Daddy Issues,The Neighbourhood,,86,4.34,False,-0.169,0.47,428,25.47,98.71
2010s,2012,Born To Die,Lana Del Rey,,57,4.77,False,-0.117,0.497,562,22.06,117.8
2010s,2012,California Gurls,Katy Perry,pop,75,3.91,False,0.313,0.586,444,40.09,113.53
2010s,2017,Lush Life,Zara Larsson,,86,3.34,False,0.053,0.334,490,23.27,146.53
2010s,2013,"Hold On, We're Going Home",Drake,rap,77,3.8,False,0.258,0.568,351,18.23,92.42
2010s,2012,Payphone,Maroon 5,pop,86,3.85,True,-0.04,0.504,601,32.78,155.99
2010s,2015,Locked Away (feat. Adam Levine),R. City,,83,3.79,False,0.227,0.48,658,19.76,173.56
2010s,2012,Starships,Nicki Minaj,,79,3.51,True,0.306,0.551,415,30.84,118.22
2010s,2016,Redbone,Childish Gambino,,83,5.45,True,0.008,0.495,303,30.69,55.61
2010s,2016,I Took A Pill In Ibiza - Seeb Remix,Mike Posner,,81,3.3,True,-0.275,0.726,350,32.29,106.1
2010s,2017,Apocalypse,Cigarettes After Sex,dream pop,90,4.84,False,0.021,0.263,239,41.0,49.42
2010s,2018,No Lie,Sean Paul,dancehall,85,3.69,False,0.088,0.395,767,19.95,208.07
2010s,2019,Streets,Doja Cat,,84,3.78,True,-0.065,0.484,469,34.97,123.98
2010s,2010,Danza Kuduro,Don Omar,"reggaeton, urbano latino",84,3.31,False,0.977,1.0,396,24.49,119.53
2010s,2013,Get Lucky (Radio Edit) [feat. Pharrell Williams and Nile Rodgers],Daft Punk,"french house, electronic, electro",80,4.13,False,0.347,0.701,566,13.25,137.14
2010s,2010,Teenage Dream,Katy Perry,pop,69,3.8,False,0.021,0.256,413,27.85,108.81
2010s,2018,Mi Gente,J Balvin,"reggaeton, latin",77,3.08,False,0.625,0.5,263,45.63,85.28
2010s,2019,X,Nicky Jam,"reggaeton, latin",76,2.88,False,0.198,0.65,310,38.39,107.61
2010s,2010,"Moves Like Jagger - Studio Recording From ""The Voice"" Performance",Maroon 5,pop,82,3.36,False,0.0,0.0,0,0.0,0.0
2020s,2020,DÁKITI,Bad Bunny,"reggaeton, trap latino, urbano latino, latin",78,3.42,True,0.0,0.0,420,33.57,122.87
2020s,2024,Si Antes Te Hubiera Conocido,KAROL G,"reggaeton, latin, urbano latino",84,3.26,False,0.0,0.0,319,35.42,97.74
2020s,2022,DESPECHÁ,ROSALÍA,latin,73,2.61,True,-0.267,0.433,358,34.08,137.0
2020s,2024,Gata Only,FloyyMenor,reggaeton chileno,78,3.7,True,0.0,1.0,431,37.35,116.49
2020s,2020,telepatía,Kali Uchis,,83,2.67,False,0.162,0.504,281,38.79,105.25
2020s,2022,Tití Me Preguntó,Bad Bunny,"reggaeton, trap latino, urbano latino, latin",84,4.06,True,-0.25,1.0,515,32.43,126.79
2020s,2024,Guess featuring billie eilish,Charli xcx,"hyperpop, art pop",79,2.39,False,-0.033,0.555,381,35.43,159.49
2020s,2021,SAD GIRLZ LUV MONEY Remix (feat. Kali Uchis and Moliy),Amaarae,"alté, afrobeats, afro r&b",76,3.41,True,0.0,0.0,347,54.18,101.68
2020s,2024,i like the way you kiss me,Artemas,,76,2.38,False,0.234,0.541,419,18.62,176.4
2020s,2020,Borderline,Tame Impala,"neo-psychedelic, indie",86,3.96,False,0.13,0.562,341,32.55,86.04
2020s,2023,"One Of The Girls (with JENNIE, Lily Rose Depp)",The Weeknd,,92,4.08,False,0.0,0.0,0,0.0,0.0
2020s,2024,Apple,Charli xcx,"hyperpop, art pop",77,2.53,False,-0.107,0.583,323,28.17,127.72
2020s,2022,End of Beginning,Djo,,91,2.65,False,0.147,0.23,200,36.5,75.36
2020s,2024,"Good Luck, Babe!",Chappell Roan,,90,3.64,False,0.334,0.588,482,24.69,132.4
2020s,2022,Die For You,Joji,,81,3.53,False,0.212,0.561,240,44.17,68.03
2020s,2021,Save Your Tears (with Ariana Grande) (Remix),The Weeknd,,79,3.18,False,0.0,0.0,0,0.0,0.0
2020s,2024,back to friends,sombr,,92,3.32,False,-0.134,0.237,206,37.86,62.1
2020s,2025,Manchild,Sabrina Carpenter,pop,86,3.56,True,-0.106,0.546,317,32.18,89.03
2020s,2021,Happier Than Ever,Billie Eilish,,85,4.98,True,0.002,0.626,366,40.98,73.47
2020s,2023,Back On 74,Jungle,,80,3.49,False,0.0,0.148,326,19.33,93.37
2020s,2023,vampire,Olivia Rodrigo,,85,3.66,True,-0.088,0.666,409,36.67,111.69
2020s,2025,Show Me Love,WizTheMc,,85,2.95,False,0.443,0.593,447,18.34,151.56
2020s,2024,we can't be friends (wait for your love),Ariana Grande,pop,88,3.81,False,0.483,0.602,376,24.47,98.67
2020s,2020,Angels Like You,Miley Cyrus,,81,3.27,False,0.152,0.582,336,30.06,102.62
2020s,2023,Boy's a liar Pt. 2,PinkPantheress,bedroom pop,72,2.18,True,0.337,0.602,367,36.51,168.07
2020s,2023,Feather,Sabrina Carpenter,pop,83,3.09,True,0.147,0.43,437,23.34,141.31
2020s,2021,Pepas,Farruko,"reggaeton, trap latino",78,4.79,True,0.333,0.417,311,31.83,64.99
2020s,2023,FE!N (feat. Playboi Carti),Travis Scott,rap,84,3.19,True,-0.085,0.577,606,29.87,189.67
2020s,2024,No One Noticed,The Marías,bedroom pop,90,3.95,False,0.308,0.725,336,23.51,85.1
2020s,2024,Messy,Lola Young,,84,4.73,True,-0.182,0.715,552,28.44,116.59
2020s,2022,Bad Habit,Steve Lacy,,73,3.87,True,-0.078,0.583,433,29.56,111.93
2020s,2021,deja vu,Olivia Rodrigo,,86,3.59,True,0.095,0.61,334,40.12,92.99
2020s,2023,Escapism.,RAYE,,84,4.54,True,-0.083,0.369,753,32.27,165.88
2020s,2023,greedy,Tate McRae,,67,2.16,True,-0.029,0.605,305,35.74,141.11
2020s,2021,Kiss Me More (feat. SZA),Doja Cat,,85,3.48,True,0.0,0.0,469,41.15,134.86
2020s,2024,Love Me Not,Ravyn Lenae,"alternative r&b, indie soul",89,3.56,False,0.009,0.5,535,22.43,150.38
2020s,2024,Please Please Please,Sabrina Carpenter,pop,79,3.11,True,0.206,0.697,298,39.6,95.94
2020s,2023,(It Goes Like) Nanana - Edit,Peggy Gou,,75,3.86,False,-0.4,0.7,208,13.46,53.9
2020s,2022,Romantic Homicide,d4vd,,86,2.21,False,-0.205,0.414,103,61.17,46.6
2020s,2021,Woman,Doja Cat,,84,2.88,True,0.215,0.562,450,38.44,156.41
2020s,2022,Glimpse of Us,Joji,,84,3.89,False,0.182,0.645,313,32.59,80.44
2020s,2022,Kill Bill,SZA,r&b,82,2.57,False,0.204,0.355,385,31.17,150.05
2020s,2022,golden hour,JVKE,,80,3.49,False,0.09,0.48,203,50.25,58.21
2020s,2020,cardigan,Taylor Swift,,85,3.99,False,0.128,0.421,350,38.0,87.66
2020s,2022,As It Was,Harry Styles,,88,2.79,False,0.054,0.216,260,37.31,93.24
2020s,2021,drivers license,Olivia Rodrigo,,86,4.03,True,0.098,0.508,390,34.36,96.69
2020s,2024,BIRDS OF A FEATHER,Billie Eilish,,95,3.51,False,0.225,0.522,331,34.14,94.4
2020s,2022,Rush,Ayra Starr,"afrobeats, afrobeat, afropop, afro r&b, afropiano, afro soul",69,3.08,False,-0.001,0.401,409,30.07,132.58
2020s,2023,Here With Me,d4vd,,85,4.04,False,0.239,0.408,189,46.03,46.77
2020s,2021,edamame,bbno$,,79,2.23,True,0.013,0.491,553,35.08,248.16
2020s,2023,Nonsense,Sabrina Carpenter,pop,59,2.73,False,0.164,0.58,451,34.59,165.35
2020s,2020,Heather,Conan Gray,,86,3.3,False,0.087,0.511,224,36.61,67.87
2020s,2024,luther (with sza),Kendrick Lamar,"hip hop, west coast hip hop",85,2.96,False,0.0,0.0,0,0.0,0.0
2020s,2021,I WANNA BE YOUR SLAVE,Måneskin,,83,2.89,True,-0.023,0.608,412,25.97,142.6
2020s,2025,Abracadabra,Lady Gaga,"art pop, pop",81,3.72,False,0.033,0.374,277,35.74,74.4
2020s,2021,good 4 u,Olivia Rodrigo,,82,2.97,True,0.389,0.544,434,28.34,146.17
2020s,2023,Strangers,Kenya Grace,,76,2.88,False,-0.119,0.342,354,25.42,122.8
2020s,2020,august,Taylor Swift,,85,4.37,False,-0.018,0.464,404,25.0,92.55
2020s,2023,"What Was I Made For? [From The Motion Picture ""Barbie""]",Billie Eilish,,85,3.71,False,0.0,0.0,0,0.0,0.0
2020s,2020,Meet Me At Our Spot,THE ANXIETY,,74,2.71,True,-0.061,0.411,321,27.41,118.39
2020s,2022,Creepin' (with The Weeknd & 21 Savage),Metro Boomin,,82,3.69,True,0.0,0.0,0,0.0,0.0
2020s,2024,Espresso,Sabrina Carpenter,pop,85,2.92,True,0.011,0.467,427,23.65,146.02
2020s,2022,Boyfriend,Dove Cameron,,72,2.55,True,0.215,0.526,318,29.25,124.71
2020s,2021,Life Goes On,Oliver Tree,,73,2.7,False,-0.062,0.583,329,23.4,122.0
2020s,2023,Sprinter,Dave,"grime, uk grime, uk drill, drill",58,3.82,True,-0.05,0.476,844,44.08,221.01
2020s,2024,Fortnight (feat. Post Malone),Taylor Swift,,82,3.82,False,-0.5,1.0,328,37.5,85.95
2020s,2024,Not Like Us,Kendrick Lamar,"hip hop, west coast hip hop",87,4.57,True,0.025,0.459,924,40.15,202.19
2020s,2025,Mystical Magical,Benson Boone,,83,2.76,False,0.245,0.591,314,34.71,113.67
2020s,2023,Paint The Town Red,Doja Cat,,76,3.84,True,0.122,0.492,672,26.64,174.95
2020s,2025,Sailor Song,Gigi Perez,,87,3.53,False,-0.144,0.669,332,37.65,93.97
2020s,2021,Until I Found You,Stephen Sanchez,,79,2.96,False,0.5,0.6,178,26.97,60.09
2020s,2022,Good Days,SZA,r&b,54,4.64,False,0.232,0.457,471,32.48,101.48
2020s,2023,From The Start,Laufey,,87,2.83,False,0.171,0.646,213,47.89,75.37
2020s,2024,That’s So True,Gracie Abrams,,90,2.77,True,-0.009,0.499,366,36.89,132.05
2020s,2025,Gnarly,KATSEYE,k-pop,88,2.29,True,-0.237,0.73,257,31.13,112.3
2020s,2021,you broke me first,Tate McRae,,85,2.84,True,0.012,0.383,349,31.23,123.01
2020s,2021,MONTERO (Call Me By Your Name),Lil Nas X,,75,2.3,True,-0.015,0.574,405,36.79,176.47
2020s,2023,Lose Control,Teddy Swims,,90,3.51,False,0.042,0.41,322,36.65,91.7
2020s,2023,Dance The Night - From Barbie The Album,Dua Lipa,pop,80,2.94,False,0.0,0.0,0,0.0,0.0
2020s,2025,Gabriela,KATSEYE,k-pop,94,3.29,False,0.069,0.174,326,29.75,99.18
2020s,2019,love nwantiti (ah ah ah),CKay,"afrobeats, afrobeat, afro r&b, afropop",76,2.43,True,0.152,0.587,252,42.06,103.7
2020s,2019,Supalonely,BENEE,,67,3.72,True,-0.216,0.65,430,27.21,115.45
2020s,2022,Bam Bam (feat. Ed Sheeran),Camila Cabello,,72,3.43,False,-0.011,0.336,487,28.13,142.12
2020s,2020,Levitating (feat. DaBaby),Dua Lipa,pop,82,3.38,False,0.0,0.0,493,36.71,145.67
2020s,2022,I Ain't Worried,OneRepublic,soft pop,82,2.47,False,0.241,0.465,274,31.39,110.72
2020s,2024,Beautiful Things,Benson Boone,,89,3.01,False,0.386,0.687,274,39.05,91.18
2020s,2022,ceilings,Lizzy McAlpine,,81,3.05,False,0.304,0.601,212,44.34,69.55
2020s,2021,Oh My God,Adele,soft pop,73,3.75,False,-0.048,0.423,581,19.45,154.83
2020s,2023,My Love Mine All Mine,Mitski,,87,2.3,False,0.3,0.488,144,41.67,62.71
2020s,2023,Water,Tyla,afrobeats,84,3.34,False,0.16,0.486,341,24.63,102.17
2020s,2024,Daylight,David Kushner,,84,3.55,False,-0.056,0.461,348,28.74,98.05
2020s,2020,hot girl bummer,blackbear,,74,3.14,True,-0.38,0.724,537,19.93,171.07
2020s,2021,Ghost,Justin Bieber,,85,2.55,False,0.31,0.379,240,26.25,94.0
2020s,2024,MUTT,Leon Thomas,,73,3.22,True,-0.075,0.379,338,26.63,104.9
2020s,2025,Ordinary,Alex Warren,,91,3.12,False,-0.152,0.469,364,31.87,116.81
2020s,2021,INDUSTRY BABY (feat. Jack Harlow),Lil Nas X,,75,3.54,True,0.004,0.385,658,33.89,185.92
2020s,2020,Wonder,Shawn Mendes,,67,2.88,False,0.271,0.687,290,28.97,100.76
2020s,2022,SNAP,Rosa Linn,,81,2.99,False,0.233,0.31,271,35.79,90.56
2020s,2022,Doja,Central Cee,"uk drill, drill, uk grime",78,1.62,True,0.247,0.436,347,42.36,213.78
2020s,2020,Blinding Lights,The Weeknd,,90,3.33,False,0.032,0.512,291,32.65,87.28
